0001,BO338005000,00,01,01,2.4 Tipo de predio,1. Casa
0002,BO407017000,00,01,01,2.4 Tipo de predio,1. Casa
0003,BO407017000,00,01,02,2.4 Tipo de predio,2. Apartamento
0004,BO338011000,01,01,01,2.4 Tipo de predio,1. Casa
0007,BO338010000,01,02,00,2.4 Tipo de predio,1. Casa
0009,BO407015000,01,01,01,2.4 Tipo de predio,1. Casa
0011,BO407017000,00,03,01,2.4 Tipo de predio,2. Apartamento
0012,BO407017000,00,04,01,2.4 Tipo de predio,2. Apartamento
0016,BO407009000,00,00,01,2.4 Tipo de predio,1. Casa
0018,BO520003007,07,07,01,2.4 Tipo de predio,1. Casa
0019,BO338006000,00,01,01,2.4 Tipo de predio,8. Local
0022,BO407007000,00,01,03,2.4 Tipo de predio,1. Casa
0024,BO338001000,01,02,02,2.4 Tipo de predio,2. Apartamento
0025,BO408001005,05,00,00,2.4 Tipo de predio,8. Local
0027,BO338002000,03,01,01,2.4 Tipo de predio,2. Apartamento
0030,BO410001000,00,01,01,2.4 Tipo de predio,1. Casa
0031,BO410002000,00,00,00,2.4 Tipo de predio,8. Local
0032,BO410000100,00,00,00,2.4 Tipo de predio,8. Local
0033,BO338007000,00,01,01,2.4 Tipo de predio,8. Local
0035,BO641012000,00,01,01,2.4 Tipo de predio,1. Casa
0036,BO642017000,00,01,01,2.4 Tipo de predio,1. Casa
0039,BO641002000,00,01,01,2.4 Tipo de predio,1. Casa
0041,CO600991002,02,02,01,2.4 Tipo de predio,3. Cambuche / carpa
0044,BO641007000,00,01,01,2.4 Tipo de predio,1. Casa
0046,BO643023000,00,01,02,2.4 Tipo de predio,1. Casa
0047,BO641005000,00,02,01,2.4 Tipo de predio,2. Apartamento
0048,BO642018000,00,01,01,2.4 Tipo de predio,1. Casa
0049,BO643023000,00,01,01,2.4 Tipo de predio,1. Casa
0050,BO641019000,00,01,01,2.4 Tipo de predio,1. Casa
0051,BO642004000,00,01,01,2.4 Tipo de predio,1. Casa
0052,BO643001000,00,01,01,2.4 Tipo de predio,1. Casa
0053,BO640001006,06,01,01,2.4 Tipo de predio,1. Casa
0054,BO642002000,00,01,01,2.4 Tipo de predio,1. Casa
0055,BO643013000,00,01,01,2.4 Tipo de predio,1. Casa
0056,BO641018000,00,01,01,2.4 Tipo de predio,1. Casa
0057,BO643016000,01,01,01,2.4 Tipo de predio,1. Casa
0058,BO642006000,00,01,01,2.4 Tipo de predio,1. Casa
0059,BO641021000,00,01,01,2.4 Tipo de predio,1. Casa
0060,BO643022000,00,01,01,2.4 Tipo de predio,1. Casa
0061,BO641001000,00,00,01,2.4 Tipo de predio,1. Casa
0062,BO639049000,00,01,01,2.4 Tipo de predio,1. Casa
0063,BO639045000,00,01,01,2.4 Tipo de predio,1. Casa
0066,BO639052008,08,01,01,2.4 Tipo de predio,1. Casa
0067,BO639042000,01,01,01,2.4 Tipo de predio,2. Apartamento
0068,BO148999001,01,01,01,2.4 Tipo de predio,1. Casa
0070,BO201001005,05,01,01,2.4 Tipo de predio,1. Casa
0071,BO148999000,00,01,01,2.4 Tipo de predio,3. Cambuche / carpa
0072,BO148999021,21,01,01,2.4 Tipo de predio,1. Casa
0073,BO148999035,35,01,01,2.4 Tipo de predio,1. Casa
0074,BO148999048,00,01,01,2.4 Tipo de predio,1. Casa
0075,BO203002001,01,01,02,2.4 Tipo de predio,1. Casa
0076,BO148999008,08,01,01,2.4 Tipo de predio,1. Casa
0077,BO148999024,24,01,01,2.4 Tipo de predio,1. Casa
0079,BO148999043,43,01,01,2.4 Tipo de predio,1. Casa
0080,BO148999009,09,01,01,2.4 Tipo de predio,1. Casa
0081,BO148999041,41,01,01,2.4 Tipo de predio,1. Casa
0082,BO148999017,17,01,01,2.4 Tipo de predio,1. Casa
0083,BO148999038,38,01,01,2.4 Tipo de predio,1. Casa
0084,BO148999006,06,01,01,2.4 Tipo de predio,1. Casa
0086,BO148999051,51,01,01,2.4 Tipo de predio,1. Casa
0087,BO148999037,37,01,01,2.4 Tipo de predio,1. Casa
0088,bo148999004,04,01,01,2.4 Tipo de predio,1. Casa
0089,BO148999007,07,01,01,2.4 Tipo de predio,3. Cambuche / carpa
0092,BO148999002,02,01,01,2.4 Tipo de predio,1. Casa
0094,BO148999013,00,01,01,2.4 Tipo de predio,1. Casa
0095,BO148999050,50,01,01,2.4 Tipo de predio,1. Casa
0096,BO148999040,40,01,01,2.4 Tipo de predio,1. Casa
0097,BO148999023,23,01,01,2.4 Tipo de predio,1. Casa
0098,BO148999014,00,01,01,2.4 Tipo de predio,1. Casa
0099,BO148999042,42,01,01,2.4 Tipo de predio,1. Casa
0100,BO148999026,26,01,01,2.4 Tipo de predio,1. Casa
0101,CO600967001,01,01,01,2.4 Tipo de predio,1. Casa
0102,CO500529003,03,01,01,2.4 Tipo de predio,4. Casa lote
0103,CO600990004,04,01,01,2.4 Tipo de predio,1. Casa
0104,CO600532005,05,01,01,2.4 Tipo de predio,1. Casa
0105,CO600990003,03,01,01,2.4 Tipo de predio,1. Casa
0106,CO600990005,05,01,01,2.4 Tipo de predio,1. Casa
0107,CO600990001,01,01,01,2.4 Tipo de predio,1. Casa
0108,CO600954000,00,01,01,2.4 Tipo de predio,4. Casa lote
0109,CO600941000,00,03,01,2.4 Tipo de predio,2. Apartamento
0110,CO600965002,02,01,01,2.4 Tipo de predio,1. Casa
0111,CO600967002,02,01,01,2.4 Tipo de predio,1. Casa
0112,CO600984000,00,01,01,2.4 Tipo de predio,1. Casa
0113,CO600990006,06,01,01,2.4 Tipo de predio,1. Casa
0114,CO600996000,00,01,02,2.4 Tipo de predio,1. Casa
0115,CO600946000,00,00,00,2.4 Tipo de predio,8. Local
0116,CO600532025,25,01,01,2.4 Tipo de predio,1. Casa
0117,CO600970000,00,01,01,2.4 Tipo de predio,1. Casa
0118,CO600958000,00,01,01,2.4 Tipo de predio,1. Casa
0119,CO600990002,00,01,01,2.4 Tipo de predio,1. Casa
0120,CO600974000,00,01,01,2.4 Tipo de predio,1. Casa
0121,CO600532002,02,02,01,2.4 Tipo de predio,2. Apartamento
0122,CO600990008,08,01,01,2.4 Tipo de predio,3. Cambuche / carpa
0123,CO600941000,01,01,01,2.4 Tipo de predio,1. Casa
0124,CO600946000,00,01,00,2.4 Tipo de predio,8. Local
0125,CO600985000,00,01,01,2.4 Tipo de predio,1. Casa
0126,CO600980000,00,01,01,2.4 Tipo de predio,1. Casa
0127,CO600953000,00,01,01,2.4 Tipo de predio,1. Casa
0128,CO600994002,02,01,01,2.4 Tipo de predio,1. Casa
0130,CO600990007,07,00,00,2.4 Tipo de predio,7. Estructura no residencial
0131,CO600939000,00,11,01,2.4 Tipo de predio,1. Casa
0132,CO600969000,00,01,01,2.4 Tipo de predio,1. Casa
0133,CO600964000,00,11,11,2.4 Tipo de predio,1. Casa
0134,CO600532003,03,01,01,2.4 Tipo de predio,1. Casa
0137,CO600996001,01,01,01,2.4 Tipo de predio,1. Casa
0138,CO600938002,02,01,01,2.4 Tipo de predio,1. Casa
0139,CO600994001,01,01,01,2.4 Tipo de predio,1. Casa
0140,CO600996000,00,01,01,2.4 Tipo de predio,1. Casa
0141,CO600994003,03,01,01,2.4 Tipo de predio,1. Casa
0142,CO600966002,02,01,01,2.4 Tipo de predio,1. Casa
0143,CO600988000,00,01,01,2.4 Tipo de predio,1. Casa
0144,CO600987000,00,01,01,2.4 Tipo de predio,1. Casa
0146,CO600983000,00,01,01,2.4 Tipo de predio,1. Casa
0147,CO600532009,09,01,01,2.4 Tipo de predio,1. Casa
0148,CO600949000,00,01,00,2.4 Tipo de predio,1. Casa
0149,CO600965001,00,01,01,2.4 Tipo de predio,2. Apartamento
0150,CO700562000,09,01,01,2.4 Tipo de predio,1. Casa
0151,CO600966001,01,01,01,2.4 Tipo de predio,1. Casa
0152,CO600532004,04,01,01,2.4 Tipo de predio,1. Casa
0153,CO600532007,07,01,01,2.4 Tipo de predio,2. Apartamento
0155,CO600975000,00,01,01,2.4 Tipo de predio,1. Casa
0156,CO600991005,05,01,01,2.4 Tipo de predio,1. Casa
0157,CO600956000,00,01,00,2.4 Tipo de predio,1. Casa
0158,CO600991008,03,01,01,2.4 Tipo de predio,1. Casa
0159,CO600532012,12,01,00,2.4 Tipo de predio,1. Casa
0160,CO600991007,07,01,01,2.4 Tipo de predio,1. Casa
0161,CO600532008,08,01,01,2.4 Tipo de predio,1. Casa
0162,CO600991001,01,01,00,2.4 Tipo de predio,1. Casa
0163,CO600532010,00,01,01,2.4 Tipo de predio,1. Casa
0164,CO600532011,00,01,01,2.4 Tipo de predio,1. Casa
0165,CO600539001,01,01,01,2.4 Tipo de predio,1. Casa
0166,FR300214002,02,01,01,2.4 Tipo de predio,1. Casa
0167,FR300224013,13,01,02,2.4 Tipo de predio,1. Casa
0168,FR300224024,24,02,01,2.4 Tipo de predio,1. Casa
0169,FR300224069,69,01,01,2.4 Tipo de predio,1. Casa
0170,FR300214001,01,01,01,2.4 Tipo de predio,1. Casa
0171,PE304006000,00,02,01,2.4 Tipo de predio,1. Casa
0172,FR300214003,03,01,01,2.4 Tipo de predio,1. Casa
0173,FR300214006,06,01,01,2.4 Tipo de predio,1. Casa
0176,FR300214005,05,01,01,2.4 Tipo de predio,1. Casa
0177,FR300214008,08,01,01,2.4 Tipo de predio,1. Casa
0178,FR300214004,04,01,01,2.4 Tipo de predio,1. Casa
0179,FR300224089,89,01,01,2.4 Tipo de predio,4. Casa lote
0180,FR300224011,11,01,01,2.4 Tipo de predio,1. Casa
0181,FR300214007,07,01,01,2.4 Tipo de predio,1. Casa
0182,FR300214007,07,01,02,2.4 Tipo de predio,1. Casa
0183,FR300214001,01,01,02,2.4 Tipo de predio,1. Casa
0184,FR300224033,33,01,01,2.4 Tipo de predio,1. Casa
0185,FR300224065,65,01,01,2.4 Tipo de predio,1. Casa
0186,FR300224089,89,01,01,2.4 Tipo de predio,2. Apartamento
0187,FR300224099,99,01,01,2.4 Tipo de predio,2. Apartamento
0188,FR300225004,04,01,01,2.4 Tipo de predio,3. Cambuche / carpa
0189,FR300223008,08,01,01,2.4 Tipo de predio,1. Casa
0190,FR300282002,02,01,02,2.4 Tipo de predio,1. Casa
0191,FR300214000,00,01,01,2.4 Tipo de predio,2. Apartamento
0192,FR300224012,12,01,01,2.4 Tipo de predio,1. Casa
0193,FR300223008,08,01,02,2.4 Tipo de predio,1. Casa
0194,FR300223010,10,01,02,2.4 Tipo de predio,1. Casa
0195,FR300210002,02,01,01,2.4 Tipo de predio,1. Casa
0197,FR300279000,00,01,01,2.4 Tipo de predio,4. Casa lote
0198,FR300280000,00,01,01,2.4 Tipo de predio,1. Casa
0199,FR300220000,00,01,02,2.4 Tipo de predio,1. Casa
0201,FR300223003,03,01,01,2.4 Tipo de predio,1. Casa
0205,FR300242003,03,03,01,2.4 Tipo de predio,1. Casa
0207,FR300242003,03,04,01,2.4 Tipo de predio,5. Bodega
0208,FR300242003,03,10,01,2.4 Tipo de predio,1. Casa
0209,FR300242002,02,01,01,2.4 Tipo de predio,1. Casa
0210,FR300223009,09,01,01,2.4 Tipo de predio,1. Casa
0211,FR300223012,12,01,01,2.4 Tipo de predio,1. Casa
0212,FR300242001,01,01,01,2.4 Tipo de predio,1. Casa
0213,FR300242003,03,08,01,2.4 Tipo de predio,1. Casa
0214,FR300242003,03,07,01,2.4 Tipo de predio,1. Casa
0215,FR300223013,13,13,01,2.4 Tipo de predio,1. Casa
0217,FR300101000,00,01,01,2.4 Tipo de predio,1. Casa
0218,FR300242003,03,11,01,2.4 Tipo de predio,1. Casa
0219,FR300222001,01,01,01,2.4 Tipo de predio,1. Casa
0220,FR300222003,03,01,01,2.4 Tipo de predio,4. Casa lote
0221,FR300242003,03,06,01,2.4 Tipo de predio,1. Casa
0222,FR300242003,03,06,02,2.4 Tipo de predio,1. Casa
0223,FR300223017,17,01,01,2.4 Tipo de predio,1. Casa
0224,FR300242003,03,12,01,2.4 Tipo de predio,2. Apartamento
0225,FR300223018,18,01,01,2.4 Tipo de predio,1. Casa
0226,FR300224003,04,01,01,2.4 Tipo de predio,1. Casa
0227,FR300242003,05,05,01,2.4 Tipo de predio,5. Bodega
0228,FR300242003,00,15,01,2.4 Tipo de predio,2. Apartamento
0229,FR300242003,03,09,01,2.4 Tipo de predio,1. Casa
0230,FR300223004,04,01,01,2.4 Tipo de predio,1. Casa
0231,FR300242003,03,07,02,2.4 Tipo de predio,1. Casa
0232,FR300224050,50,01,01,2.4 Tipo de predio,1. Casa
0233,FR300224006,07,01,01,2.4 Tipo de predio,1. Casa
0235,FR300224029,29,01,01,2.4 Tipo de predio,1. Casa
0236,PE300224029,29,01,02,2.4 Tipo de predio,1. Casa
0237,FR300224036,36,01,01,2.4 Tipo de predio,1. Casa
0238,FR300224010,10,01,01,2.4 Tipo de predio,1. Casa
0240,FR300224053,53,01,01,2.4 Tipo de predio,1. Casa
0241,FR300224006,06,01,01,2.4 Tipo de predio,1. Casa
0242,FR300224019,19,01,01,2.4 Tipo de predio,1. Casa
0243,FR300224030,30,01,01,2.4 Tipo de predio,1. Casa
0244,FR300224018,18,01,01,2.4 Tipo de predio,1. Casa
0245,FR300224055,55,01,01,2.4 Tipo de predio,1. Casa
0246,FR300224010,10,01,01,2.4 Tipo de predio,1. Casa
0247,FR300224027,27,01,01,2.4 Tipo de predio,1. Casa
0248,FR300224040,40,01,01,2.4 Tipo de predio,1. Casa
0249,FR300224063,63,01,01,2.4 Tipo de predio,1. Casa
0250,FR300224061,61,01,01,2.4 Tipo de predio,1. Casa
0251,FR300224017,17,01,01,2.4 Tipo de predio,1. Casa
0252,FR300224026,26,01,01,2.4 Tipo de predio,1. Casa
0253,FR300224039,39,01,01,2.4 Tipo de predio,1. Casa
0254,FR300224001,01,01,02,2.4 Tipo de predio,2. Apartamento
0255,FR300224028,28,01,01,2.4 Tipo de predio,1. Casa
0256,FR300224049,49,01,01,2.4 Tipo de predio,1. Casa
0257,FR300224058,58,01,01,2.4 Tipo de predio,1. Casa
0258,FR300224002,02,01,01,2.4 Tipo de predio,4. Casa lote
0259,FR300224021,21,01,01,2.4 Tipo de predio,1. Casa
0260,FR300224067,67,01,01,2.4 Tipo de predio,1. Casa
0261,PE102004000,00,01,01,2.4 Tipo de predio,1. Casa
0262,PE304019001,01,01,01,2.4 Tipo de predio,1. Casa
0263,FR300224103,03,01,01,2.4 Tipo de predio,1. Casa
0265,FR300225010,10,01,01,2.4 Tipo de predio,1. Casa
0266,FR300224046,46,01,01,2.4 Tipo de predio,1. Casa
0267,FR300224048,48,01,01,2.4 Tipo de predio,1. Casa
0268,PE405015002,02,01,01,2.4 Tipo de predio,1. Casa
0269,FR300224045,45,01,01,2.4 Tipo de predio,1. Casa
0270,FR300224070,70,01,01,2.4 Tipo de predio,1. Casa
0272,FR300224044,44,01,02,2.4 Tipo de predio,1. Casa
0273,FR300224043,43,01,01,2.4 Tipo de predio,1. Casa
0274,FR300224068,68,01,01,2.4 Tipo de predio,1. Casa
0275,FR300224052,52,01,01,2.4 Tipo de predio,4. Casa lote
0276,FR300224087,87,01,01,2.4 Tipo de predio,1. Casa
0277,FR300223002,02,01,01,2.4 Tipo de predio,4. Casa lote
0278,FR300224098,98,01,01,2.4 Tipo de predio,1. Casa
0279,FR300225006,06,01,01,2.4 Tipo de predio,1. Casa
0280,FR300225007,07,01,02,2.4 Tipo de predio,1. Casa
0281,FR300223006,06,06,01,2.4 Tipo de predio,1. Casa
0282,FR300223005,05,01,01,2.4 Tipo de predio,1. Casa
0283,FR300222002,02,01,01,2.4 Tipo de predio,1. Casa
0284,FR300223010,10,01,01,2.4 Tipo de predio,1. Casa
0285,FR300223020,20,01,01,2.4 Tipo de predio,1. Casa
0286,FR300242003,03,11,02,2.4 Tipo de predio,2. Apartamento
0287,FR300224051,51,01,01,2.4 Tipo de predio,1. Casa
0288,FR300220000,00,01,01,2.4 Tipo de predio,1. Casa
0289,FR300223007,07,01,01,2.4 Tipo de predio,1. Casa
0290,FR300272000,00,01,01,2.4 Tipo de predio,1. Casa
0291,FR300223011,11,01,01,2.4 Tipo de predio,1. Casa
0292,FR300224001,01,01,01,2.4 Tipo de predio,2. Apartamento
0293,FR300224004,04,01,01,2.4 Tipo de predio,1. Casa
0294,FR300224004,04,01,02,2.4 Tipo de predio,2. Apartamento
0295,FR300224041,41,01,01,2.4 Tipo de predio,1. Casa
0296,FR300224072,72,01,03,2.4 Tipo de predio,2. Apartamento
0297,FR300224037,37,01,01,2.4 Tipo de predio,1. Casa
0298,FR300224077,77,01,01,2.4 Tipo de predio,1. Casa
0299,FR300224104,04,01,01,2.4 Tipo de predio,1. Casa
0300,FR300224057,57,01,01,2.4 Tipo de predio,1. Casa
0301,FR300282002,02,01,01,2.4 Tipo de predio,1. Casa
0302,FR300282001,00,01,01,2.4 Tipo de predio,1. Casa
0303,FR300281001,01,01,01,2.4 Tipo de predio,1. Casa
0304,FR300281003,03,01,01,2.4 Tipo de predio,1. Casa
0305,FR300224044,44,01,01,2.4 Tipo de predio,1. Casa
0306,FR300281003,03,01,02,2.4 Tipo de predio,1. Casa
0307,FR300223021,21,01,01,2.4 Tipo de predio,1. Casa
0308,FR300224022,22,01,01,2.4 Tipo de predio,1. Casa
0309,FR300210001,01,01,01,2.4 Tipo de predio,1. Casa
0310,FR300223019,19,01,01,2.4 Tipo de predio,1. Casa
0311,FR300224020,20,01,01,2.4 Tipo de predio,1. Casa
0312,FR300224072,72,01,01,2.4 Tipo de predio,1. Casa
0313,PE300224032,32,01,01,2.4 Tipo de predio,1. Casa
0314,FR300224097,97,01,01,2.4 Tipo de predio,1. Casa
0315,FR300224016,16,01,02,2.4 Tipo de predio,1. Casa
0316,FR300224034,34,01,01,2.4 Tipo de predio,1. Casa
0317,FR300224016,16,01,02,2.4 Tipo de predio,1. Casa
0318,FR300224035,35,01,01,2.4 Tipo de predio,1. Casa
0319,FR300224054,54,01,01,2.4 Tipo de predio,1. Casa
0320,FR300224059,59,01,01,2.4 Tipo de predio,1. Casa
0321,FR300224073,73,01,01,2.4 Tipo de predio,1. Casa
0322,FR300224056,56,01,01,2.4 Tipo de predio,1. Casa
0323,FR300224071,71,01,01,2.4 Tipo de predio,1. Casa
0324,FR300224106,06,01,01,2.4 Tipo de predio,1. Casa
0325,FR300224091,91,01,01,2.4 Tipo de predio,1. Casa
0326,FR300224094,94,01,01,2.4 Tipo de predio,1. Casa
0327,FR300224075,75,01,01,2.4 Tipo de predio,1. Casa
0330,CO600539004,04,01,01,2.4 Tipo de predio,1. Casa
0331,CO600539005,05,01,01,2.4 Tipo de predio,1. Casa
0334,CO600532028,28,01,01,2.4 Tipo de predio,3. Cambuche / carpa
0335,CO600532020,20,01,01,2.4 Tipo de predio,4. Casa lote
0336,CO600532024,24,01,01,2.4 Tipo de predio,3. Cambuche / carpa
0337,CO600539002,02,00,00,2.4 Tipo de predio,8. Local
0338,CO700550004,00,01,02,2.4 Tipo de predio,1. Casa
0339,CO500528002,02,01,01,2.4 Tipo de predio,1. Casa
0341,CO500529002,00,01,02,2.4 Tipo de predio,1. Casa
0342,CO500527002,02,01,01,2.4 Tipo de predio,1. Casa
0345,CO600982000,00,01,00,2.4 Tipo de predio,4. Casa lote
0346,CO500525012,12,01,01,2.4 Tipo de predio,1. Casa
0347,CO700561000,07,01,01,2.4 Tipo de predio,1. Casa
0349,CO700550004,00,05,01,2.4 Tipo de predio,1. Casa
0350,FR300225009,09,01,01,2.4 Tipo de predio,1. Casa
0351,CO500527018,18,13,01,2.4 Tipo de predio,1. Casa
0353,CO600971000,00,01,01,2.4 Tipo de predio,1. Casa
0354,CO700550004,00,04,01,2.4 Tipo de predio,1. Casa
0355,CO500529001,01,01,01,2.4 Tipo de predio,1. Casa
0356,CO600992000,00,01,00,2.4 Tipo de predio,1. Casa
0358,CO600532013,13,01,01,2.4 Tipo de predio,1. Casa
0359,CO500529002,00,01,02,2.4 Tipo de predio,1. Casa
0361,CO600532023,23,01,01,2.4 Tipo de predio,1. Casa
0362,CO600532019,19,01,01,2.4 Tipo de predio,1. Casa
0363,CO600532029,29,02,02,2.4 Tipo de predio,3. Cambuche / carpa
0364,CO600532015,15,01,01,2.4 Tipo de predio,1. Casa
0365,CO600532016,01,01,01,2.4 Tipo de predio,2. Apartamento
0366,CO700550004,00,02,03,2.4 Tipo de predio,1. Casa
0367,CO700553000,01,01,01,2.4 Tipo de predio,1. Casa
0368,CO600532027,27,01,01,2.4 Tipo de predio,3. Cambuche / carpa
0369,CO500529002,00,01,01,2.4 Tipo de predio,1. Casa
0370,CO600532018,18,01,01,2.4 Tipo de predio,1. Casa
0371,CO600532017,17,01,00,2.4 Tipo de predio,1. Casa
0372,CO500525005,05,01,01,2.4 Tipo de predio,1. Casa
0373,CO500527018,18,23,00,2.4 Tipo de predio,3. Cambuche / carpa
0374,CO500527018,18,33,00,2.4 Tipo de predio,3. Cambuche / carpa
0376,CO600991004,04,01,01,2.4 Tipo de predio,1. Casa
0377,CO600991003,03,01,01,2.4 Tipo de predio,1. Casa
0379,BE100062034,34,01,01,2.4 Tipo de predio,1. Casa
0380,CO500525007,07,01,01,2.4 Tipo de predio,1. Casa
0381,BO338009000,00,01,01,2.4 Tipo de predio,2. Apartamento
0382,BO407001000,00,01,01,2.4 Tipo de predio,1. Casa
0383,BO407001000,00,02,01,2.4 Tipo de predio,2. Apartamento
0384,BO407014000,00,01,01,2.4 Tipo de predio,2. Apartamento
0385,BO407011000,00,01,01,2.4 Tipo de predio,1. Casa
0386,BO407009000,00,01,01,2.4 Tipo de predio,1. Casa
0389,BO407017000,00,01,05,2.4 Tipo de predio,2. Apartamento
0390,BO407017000,00,06,01,2.4 Tipo de predio,2. Apartamento
0391,BO338010000,00,01,01,2.4 Tipo de predio,2. Apartamento
0392,BO407013000,00,01,01,2.4 Tipo de predio,1. Casa
0393,BO338008000,00,00,00,2.4 Tipo de predio,8. Local
0394,BO407013000,00,01,02,2.4 Tipo de predio,1. Casa
0395,BO407014000,00,01,01,2.4 Tipo de predio,1. Casa
0396,BO410001000,00,00,00,2.4 Tipo de predio,8. Local
0397,BO407004000,00,01,01,2.4 Tipo de predio,1. Casa
0398,BO407003000,00,01,01,2.4 Tipo de predio,1. Casa
0400,BO338009000,00,01,01,2.4 Tipo de predio,2. Apartamento
0401,BO338009000,00,02,02,2.4 Tipo de predio,2. Apartamento
0402,BO410001000,00,01,01,2.4 Tipo de predio,2. Apartamento
0403,BO410001000,00,00,00,2.4 Tipo de predio,8. Local
0404,BO338009000,00,00,00,2.4 Tipo de predio,8. Local
0405,BO148999033,33,01,01,2.4 Tipo de predio,1. Casa
0406,BO148999036,00,01,01,2.4 Tipo de predio,1. Casa
0407,BO148999003,03,01,01,2.4 Tipo de predio,1. Casa
0409,BO148999027,21,01,01,2.4 Tipo de predio,1. Casa
0410,BO148999032,32,01,01,2.4 Tipo de predio,1. Casa
0412,BO206007000,00,01,01,2.4 Tipo de predio,1. Casa
0413,BO201001012,10,01,01,2.4 Tipo de predio,1. Casa
0414,BO148999022,22,01,01,2.4 Tipo de predio,1. Casa
0416,BO148999044,44,01,01,2.4 Tipo de predio,1. Casa
0417,BO148999052,52,01,01,2.4 Tipo de predio,1. Casa
0418,BO201001006,06,01,01,2.4 Tipo de predio,1. Casa
0419,BO148999020,20,01,01,2.4 Tipo de predio,1. Casa
0420,BO148999028,28,01,01,2.4 Tipo de predio,1. Casa
0423,BO148999046,46,01,01,2.4 Tipo de predio,1. Casa
0424,BO148999046,46,01,02,2.4 Tipo de predio,1. Casa
0425,BO201001000,00,01,01,2.4 Tipo de predio,1. Casa
0426,BO148999054,54,01,01,2.4 Tipo de predio,1. Casa
0427,BO148999053,53,01,01,2.4 Tipo de predio,1. Casa
0428,BO148999076,76,01,01,2.4 Tipo de predio,1. Casa
0429,BO148999025,25,01,01,2.4 Tipo de predio,1. Casa
0430,BO643025000,00,01,01,2.4 Tipo de predio,1. Casa
0431,BO642019000,00,01,01,2.4 Tipo de predio,1. Casa
0432,BO642011000,00,01,01,2.4 Tipo de predio,1. Casa
0433,BO642014000,00,01,01,2.4 Tipo de predio,1. Casa
0434,BO643008000,00,01,01,2.4 Tipo de predio,1. Casa
0435,BO643004000,00,01,01,2.4 Tipo de predio,1. Casa
0436,BO642010000,00,01,01,2.4 Tipo de predio,1. Casa
0437,BO643011000,00,01,01,2.4 Tipo de predio,1. Casa
0438,BO643018000,00,01,01,2.4 Tipo de predio,1. Casa
0439,BO643018000,00,02,01,2.4 Tipo de predio,1. Casa
0440,BO642015000,00,01,01,2.4 Tipo de predio,1. Casa
0441,BO642005000,00,01,01,2.4 Tipo de predio,1. Casa
0442,BO643016000,00,01,00,2.4 Tipo de predio,8. Local
0444,BO639052005,05,01,01,2.4 Tipo de predio,1. Casa
0446,BO639052004,04,02,01,2.4 Tipo de predio,2. Apartamento
0447,BO643017000,00,01,01,2.4 Tipo de predio,1. Casa
0448,BO639052008,08,02,02,2.4 Tipo de predio,1. Casa
0449,BO641005000,00,02,01,2.4 Tipo de predio,1. Casa
0450,BO639052000,00,01,01,2.4 Tipo de predio,1. Casa
0453,BO148999018,18,01,01,2.4 Tipo de predio,1. Casa
0454,BO201001003,03,01,01,2.4 Tipo de predio,1. Casa
0455,BO201001010,10,01,01,2.4 Tipo de predio,1. Casa
0456,BO639042000,00,01,01,2.4 Tipo de predio,1. Casa
0457,BO639012000,00,01,01,2.4 Tipo de predio,1. Casa
0458,BI639046000,00,01,01,2.4 Tipo de predio,1. Casa
0459,BO639052000,03,01,01,2.4 Tipo de predio,1. Casa
0461,BO639052001,01,01,01,2.4 Tipo de predio,1. Casa
0462,BO639047000,00,01,01,2.4 Tipo de predio,1. Casa
0464,BO622004000,00,03,01,2.4 Tipo de predio,2. Apartamento
0465,BO639022000,00,02,01,2.4 Tipo de predio,1. Casa
0466,BO410001000,00,08,01,2.4 Tipo de predio,1. Casa
0470,BO408001006,06,00,00,2.4 Tipo de predio,8. Local
0472,BO201001011,11,01,01,2.4 Tipo de predio,1. Casa
0473,BO201001004,04,01,01,2.4 Tipo de predio,1. Casa
0474,BO201001007,07,01,01,2.4 Tipo de predio,1. Casa
0475,BO206003002,02,01,01,2.4 Tipo de predio,1. Casa
0476,BO148999049,49,01,01,2.4 Tipo de predio,1. Casa
0477,BO148999069,69,01,01,2.4 Tipo de predio,1. Casa
0479,BO148999070,70,01,01,2.4 Tipo de predio,1. Casa
0480,BO148999070,70,01,03,2.4 Tipo de predio,1. Casa
0481,bo148999047,17,01,01,2.4 Tipo de predio,1. Casa
0482,BO148999063,63,01,01,2.4 Tipo de predio,1. Casa
0483,BO203003004,04,01,01,2.4 Tipo de predio,1. Casa
0484,BO148999073,73,01,01,2.4 Tipo de predio,1. Casa
0485,BO148999078,78,01,01,2.4 Tipo de predio,1. Casa
0486,BO148999064,64,01,01,2.4 Tipo de predio,1. Casa
0487,BO338007000,00,01,00,2.4 Tipo de predio,8. Local
0488,BO410001000,00,00,00,2.4 Tipo de predio,8. Local
0489,BO338009000,00,00,00,2.4 Tipo de predio,8. Local
0490,BO338007000,00,00,00,2.4 Tipo de predio,8. Local
0491,BO338009000,00,00,00,2.4 Tipo de predio,2. Apartamento
0495,BO407007000,00,02,01,2.4 Tipo de predio,1. Casa
0496,BO520004002,02,01,01,2.4 Tipo de predio,1. Casa
0497,BO639032000,00,01,01,2.4 Tipo de predio,1. Casa
0498,BO639035000,00,01,01,2.4 Tipo de predio,1. Casa
0499,BO639020000,00,01,01,2.4 Tipo de predio,1. Casa
0500,BO639012000,00,01,01,2.4 Tipo de predio,1. Casa
0501,BO639033000,00,01,01,2.4 Tipo de predio,1. Casa
0502,BO639023000,00,01,01,2.4 Tipo de predio,1. Casa
0503,BO639040000,00,01,01,2.4 Tipo de predio,1. Casa
0505,BO622015000,00,00,00,2.4 Tipo de predio,8. Local
0506,BO622005000,00,03,00,2.4 Tipo de predio,8. Local
0507,BO338009000,00,00,00,2.4 Tipo de predio,7. Estructura no residencial
0508,BO639038000,00,01,01,2.4 Tipo de predio,1. Casa
0509,BO693038000,00,01,01,2.4 Tipo de predio,1. Casa
0511,BO639025000,00,01,01,2.4 Tipo de predio,1. Casa
0512,BO642001000,00,01,01,2.4 Tipo de predio,1. Casa
0514,BO622003000,00,01,01,2.4 Tipo de predio,1. Casa
0515,BO639029000,00,01,01,2.4 Tipo de predio,2. Apartamento
0516,BO639016000,00,01,01,2.4 Tipo de predio,1. Casa
0518,BO639017000,00,01,01,2.4 Tipo de predio,1. Casa
0521,BO639037000,00,01,01,2.4 Tipo de predio,1. Casa
0522,BO612005000,00,00,00,2.4 Tipo de predio,8. Local
0523,BO639021000,00,01,01,2.4 Tipo de predio,1. Casa
0524,BO639063000,00,01,02,2.4 Tipo de predio,2. Apartamento
0525,BO639041000,00,01,01,2.4 Tipo de predio,1. Casa
0526,PE203023000,00,01,01,2.4 Tipo de predio,1. Casa
0527,FR300224097,97,01,02,2.4 Tipo de predio,1. Casa
0528,FR300224076,76,01,01,2.4 Tipo de predio,1. Casa
0529,FR300224100,10,01,01,2.4 Tipo de predio,1. Casa
0530,FR300224101,01,01,01,2.4 Tipo de predio,1. Casa
0531,FR300224113,13,01,01,2.4 Tipo de predio,1. Casa
0532,FR300224083,83,01,01,2.4 Tipo de predio,1. Casa
0533,FR300224096,96,01,01,2.4 Tipo de predio,1. Casa
0534,FR300224101,01,01,02,2.4 Tipo de predio,1. Casa
0535,FR300225002,02,01,01,2.4 Tipo de predio,1. Casa
0536,FR300224083,83,01,01,2.4 Tipo de predio,1. Casa
0537,FR300224090,90,01,01,2.4 Tipo de predio,1. Casa
0538,FR300224109,09,01,01,2.4 Tipo de predio,1. Casa
0540,FR300224094,94,01,02,2.4 Tipo de predio,1. Casa
0541,FR300224080,80,01,01,2.4 Tipo de predio,1. Casa
0542,FR300224105,05,01,01,2.4 Tipo de predio,1. Casa
0543,FR300225002,02,01,02,2.4 Tipo de predio,2. Apartamento
0544,FR300225011,11,01,01,2.4 Tipo de predio,1. Casa
0545,FR300334084,84,01,01,2.4 Tipo de predio,1. Casa
0546,FR300224093,93,01,01,2.4 Tipo de predio,1. Casa
0547,FR300224102,02,01,01,2.4 Tipo de predio,1. Casa
0550,BO407013000,00,02,01,2.4 Tipo de predio,1. Casa
0551,BO338013000,00,01,01,2.4 Tipo de predio,8. Local
0552,BO407013000,00,02,01,2.4 Tipo de predio,1. Casa
0553,BO410002000,00,01,01,2.4 Tipo de predio,1. Casa
0554,BO639052005,00,02,01,2.4 Tipo de predio,1. Casa
0555,BO639052000,02,01,01,2.4 Tipo de predio,1. Casa
0556,BO148999055,55,01,01,2.4 Tipo de predio,1. Casa
0557,BO148999054,54,01,02,2.4 Tipo de predio,2. Apartamento
0558,BO639052000,00,01,01,2.4 Tipo de predio,1. Casa
0559,BO639030000,00,01,01,2.4 Tipo de predio,1. Casa
0560,BO520003008,08,01,01,2.4 Tipo de predio,1. Casa
0561,BO639052000,00,02,01,2.4 Tipo de predio,1. Casa
0562,BO639050000,00,01,01,2.4 Tipo de predio,1. Casa
0563,BO639052000,00,01,01,2.4 Tipo de predio,1. Casa
0564,BO148999057,57,01,01,2.4 Tipo de predio,1. Casa
0565,BO148999065,65,01,01,2.4 Tipo de predio,1. Casa
0567,BO148999070,70,01,02,2.4 Tipo de predio,1. Casa
0568,BO201001008,08,01,01,2.4 Tipo de predio,1. Casa
0569,BO148999058,58,01,01,2.4 Tipo de predio,1. Casa
0570,BO148999066,66,01,01,2.4 Tipo de predio,1. Casa
0571,BO148999075,75,01,01,2.4 Tipo de predio,1. Casa
0572,BO201001002,02,01,01,2.4 Tipo de predio,1. Casa
0573,BO201001001,01,01,01,2.4 Tipo de predio,1. Casa
0574,BO148999059,59,01,01,2.4 Tipo de predio,1. Casa
0575,BO148999077,77,01,01,2.4 Tipo de predio,1. Casa
0576,BO148999039,39,01,02,2.4 Tipo de predio,1. Casa
0577,BO410001000,00,05,01,2.4 Tipo de predio,2. Apartamento
0578,BO148999045,45,01,01,2.4 Tipo de predio,1. Casa
0579,BO148999072,72,01,01,2.4 Tipo de predio,1. Casa
0580,BO410001000,00,00,00,2.4 Tipo de predio,8. Local
0581,BO407016000,00,00,00,2.4 Tipo de predio,5. Bodega
0582,BO338000000,00,01,01,2.4 Tipo de predio,2. Apartamento
0583,BO520003001,01,01,01,2.4 Tipo de predio,1. Casa
0584,BO410002000,00,01,01,2.4 Tipo de predio,1. Casa
0585,BO410002000,02,00,00,2.4 Tipo de predio,4. Casa lote
0586,BO410002000,01,00,00,2.4 Tipo de predio,8. Local
0587,BO410002000,00,00,00,2.4 Tipo de predio,8. Local
0589,BO639018000,00,01,01,2.4 Tipo de predio,1. Casa
0590,BO639024000,00,01,01,2.4 Tipo de predio,1. Casa
0591,BO408001002,02,00,00,2.4 Tipo de predio,4. Casa lote
0592,BO408001001,01,00,00,2.4 Tipo de predio,8. Local
0594,BO419002000,00,01,01,2.4 Tipo de predio,2. Apartamento
0595,BO520003009,09,01,01,2.4 Tipo de predio,1. Casa
0596,BO520004006,06,01,01,2.4 Tipo de predio,1. Casa
0599,BO408001003,03,00,00,2.4 Tipo de predio,8. Local
0600,BO408001004,04,00,00,2.4 Tipo de predio,8. Local
0601,FR300225001,01,01,01,2.4 Tipo de predio,1. Casa
0602,FR300224074,74,01,01,2.4 Tipo de predio,1. Casa
0603,FR300224114,14,01,01,2.4 Tipo de predio,1. Casa
0604,FR300224013,13,01,01,2.4 Tipo de predio,1. Casa
0605,FR300224018,18,01,01,2.4 Tipo de predio,4. Casa lote
0607,FR300224079,79,01,01,2.4 Tipo de predio,1. Casa
0608,FR300221005,00,01,00,2.4 Tipo de predio,1. Casa
0609,BO639029000,00,01,02,2.4 Tipo de predio,1. Casa
0610,BO641004000,00,01,01,2.4 Tipo de predio,1. Casa
0612,BO849042000,17,01,01,2.4 Tipo de predio,1. Casa
0613,BO849042000,30,01,01,2.4 Tipo de predio,1. Casa
0614,BO613002000,00,01,00,2.4 Tipo de predio,5. Bodega
0616,BO612005000,08,00,00,2.4 Tipo de predio,7. Estructura no residencial
0617,BO645005000,00,01,01,2.4 Tipo de predio,1. Casa
0618,BO643009000,00,02,01,2.4 Tipo de predio,2. Apartamento
0621,BO643020000,00,01,01,2.4 Tipo de predio,1. Casa
0622,BO643009000,00,01,01,2.4 Tipo de predio,1. Casa
0623,BO613007000,00,00,00,2.4 Tipo de predio,8. Local
0626,BO417006000,00,01,01,2.4 Tipo de predio,1. Casa
0627,BO417004000,00,01,01,2.4 Tipo de predio,1. Casa
0628,BO417001000,00,01,01,2.4 Tipo de predio,2. Apartamento
0629,BO417001000,00,03,01,2.4 Tipo de predio,1. Casa
0630,BO417001000,00,04,01,2.4 Tipo de predio,1. Casa
0631,BO417011000,00,01,01,2.4 Tipo de predio,1. Casa
0632,BO417008000,00,01,01,2.4 Tipo de predio,1. Casa
0633,BO417002000,00,00,00,2.4 Tipo de predio,1. Casa
0635,BO229007000,00,01,01,2.4 Tipo de predio,1. Casa
0636,BO520004009,09,01,01,2.4 Tipo de predio,1. Casa
0637,BO520003003,03,01,01,2.4 Tipo de predio,1. Casa
0638,BO520004014,14,01,01,2.4 Tipo de predio,1. Casa
0641,BO417001000,00,04,01,2.4 Tipo de predio,1. Casa
0643,BO520004008,08,01,01,2.4 Tipo de predio,1. Casa
0644,BO516002000,00,00,00,2.4 Tipo de predio,8. Local
0647,BO662004000,00,01,01,2.4 Tipo de predio,1. Casa
0648,BO622015000,00,00,00,2.4 Tipo de predio,8. Local
0649,BO641008000,00,01,01,2.4 Tipo de predio,1. Casa
0650,BO639048000,00,01,01,2.4 Tipo de predio,1. Casa
0652,BO622003000,00,01,01,2.4 Tipo de predio,2. Apartamento
0654,BO613010000,00,01,01,2.4 Tipo de predio,2. Apartamento
0655,BO622012000,00,02,01,2.4 Tipo de predio,1. Casa
0658,BO205003010,10,01,01,2.4 Tipo de predio,5. Bodega
0659,BO206008000,00,01,01,2.4 Tipo de predio,2. Apartamento
0660,BO206007001,01,01,01,2.4 Tipo de predio,1. Casa
0661,BO747001000,00,01,01,2.4 Tipo de predio,1. Casa
0662,BO206004001,01,02,01,2.4 Tipo de predio,2. Apartamento
0664,BO202008000,00,01,00,2.4 Tipo de predio,5. Bodega
0665,BO747001019,19,01,01,2.4 Tipo de predio,1. Casa
0666,BO206007000,00,02,01,2.4 Tipo de predio,2. Apartamento
0669,BO205001002,02,01,01,2.4 Tipo de predio,1. Casa
0670,BO206009000,00,01,01,2.4 Tipo de predio,1. Casa
0671,BO205003003,03,01,01,2.4 Tipo de predio,1. Casa
0672,BO203001009,09,02,01,2.4 Tipo de predio,2. Apartamento
0673,BO148999018,18,03,01,2.4 Tipo de predio,1. Casa
0674,BO205001002,02,00,00,2.4 Tipo de predio,8. Local
0675,BO206003003,03,01,01,2.4 Tipo de predio,1. Casa
0676,BO737001015,15,01,01,2.4 Tipo de predio,1. Casa
0677,BO206007001,01,02,01,2.4 Tipo de predio,1. Casa
0678,BO205001000,00,01,01,2.4 Tipo de predio,1. Casa
0679,BO205003006,06,01,01,2.4 Tipo de predio,1. Casa
0680,BO205001000,00,02,01,2.4 Tipo de predio,1. Casa
0681,BO747001016,16,01,01,2.4 Tipo de predio,1. Casa
0682,BO203002002,02,01,01,2.4 Tipo de predio,1. Casa
0683,BO747001014,14,01,01,2.4 Tipo de predio,1. Casa
0684,BO737003004,04,01,01,2.4 Tipo de predio,1. Casa
0685,BO148999068,68,01,01,2.4 Tipo de predio,1. Casa
0686,BO747001032,32,01,01,2.4 Tipo de predio,1. Casa
0688,BO205003005,05,01,01,2.4 Tipo de predio,1. Casa
0689,BO730001000,00,01,01,2.4 Tipo de predio,1. Casa
0690,BO730008000,00,01,01,2.4 Tipo de predio,1. Casa
0691,BO730003000,00,01,01,2.4 Tipo de predio,1. Casa
0693,B0419004000,00,01,01,2.4 Tipo de predio,1. Casa
0694,BO407009000,00,01,01,2.4 Tipo de predio,1. Casa
0695,BO613003000,00,00,00,2.4 Tipo de predio,8. Local
0696,BO613011000,00,02,01,2.4 Tipo de predio,2. Apartamento
0697,BO613004000,00,01,01,2.4 Tipo de predio,1. Casa
0699,BO611003000,00,01,00,2.4 Tipo de predio,8. Local
0700,BO611003000,00,02,01,2.4 Tipo de predio,1. Casa
0701,BO203001009,09,01,01,2.4 Tipo de predio,1. Casa
0703,BO203003003,03,01,01,2.4 Tipo de predio,1. Casa
0704,BO203002008,08,01,01,2.4 Tipo de predio,1. Casa
0705,BO206011000,00,01,00,2.4 Tipo de predio,1. Casa
0707,bo206002004,04,01,01,2.4 Tipo de predio,2. Apartamento
0708,BO203002013,13,01,01,2.4 Tipo de predio,1. Casa
0709,BO203001007,07,01,01,2.4 Tipo de predio,3. Cambuche / carpa
0710,BO203002012,12,01,01,2.4 Tipo de predio,1. Casa
0711,BO611003000,03,00,00,2.4 Tipo de predio,6. Caseta
0712,BO641011000,00,00,00,2.4 Tipo de predio,12. Otro
0713,BO612005000,03,00,00,2.4 Tipo de predio,8. Local
0714,BO613001000,00,01,01,2.4 Tipo de predio,2. Apartamento
0715,BO613001000,00,01,00,2.4 Tipo de predio,8. Local
0716,BO613006000,00,01,01,2.4 Tipo de predio,8. Local
0717,BO645002000,00,01,02,2.4 Tipo de predio,2. Apartamento
0718,BO611001000,01,01,01,2.4 Tipo de predio,1. Casa
0719,BO643052000,03,02,01,2.4 Tipo de predio,1. Casa
0721,BO641012000,00,03,01,2.4 Tipo de predio,1. Casa
0723,BO613005000,03,00,00,2.4 Tipo de predio,8. Local
0724,BO613007000,00,01,01,2.4 Tipo de predio,2. Apartamento
0725,BO613007000,00,00,00,2.4 Tipo de predio,8. Local
0726,BO613005000,00,01,00,2.4 Tipo de predio,8. Local
0727,BO611003000,00,01,01,2.4 Tipo de predio,9. Lote
0728,BO613004000,00,01,00,2.4 Tipo de predio,8. Local
0729,BO611003000,01,01,00,2.4 Tipo de predio,8. Local
0730,BO613008000,00,00,00,2.4 Tipo de predio,8. Local
0731,BO613005000,02,00,00,2.4 Tipo de predio,8. Local
0732,BO613009000,01,01,01,2.4 Tipo de predio,2. Apartamento
0733,BO613004000,00,00,00,2.4 Tipo de predio,8. Local
0734,BO613008000,00,01,01,2.4 Tipo de predio,1. Casa
0735,BO613002000,00,01,00,2.4 Tipo de predio,8. Local
0736,BO737001022,22,01,01,2.4 Tipo de predio,1. Casa
0738,BO205002000,00,01,01,2.4 Tipo de predio,1. Casa
0739,BO205003002,02,01,01,2.4 Tipo de predio,1. Casa
0740,BO730004000,00,01,01,2.4 Tipo de predio,1. Casa
0742,BO515002000,00,00,00,2.4 Tipo de predio,8. Local
0743,BO516001000,00,00,00,2.4 Tipo de predio,8. Local
0745,BO726001000,00,01,01,2.4 Tipo de predio,1. Casa
0749,BO730007000,00,01,01,2.4 Tipo de predio,1. Casa
0751,BO725009000,00,01,01,2.4 Tipo de predio,1. Casa
0752,BO726005000,00,01,01,2.4 Tipo de predio,2. Apartamento
0755,BO612002000,00,01,03,2.4 Tipo de predio,2. Apartamento
0756,BO849042000,19,01,01,2.4 Tipo de predio,1. Casa
0757,BO729004000,00,02,01,2.4 Tipo de predio,2. Apartamento
0758,BO729004000,00,01,01,2.4 Tipo de predio,2. Apartamento
0759,BO726005000,00,01,01,2.4 Tipo de predio,1. Casa
0760,BO725007000,00,02,01,2.4 Tipo de predio,2. Apartamento
0762,BO514001009,09,00,00,2.4 Tipo de predio,8. Local
0763,BO730006000,00,01,01,2.4 Tipo de predio,1. Casa
0765,BO611001000,04,01,01,2.4 Tipo de predio,1. Casa
0766,BO611001000,05,01,01,2.4 Tipo de predio,1. Casa
0767,BO611001000,03,01,01,2.4 Tipo de predio,1. Casa
0769,BO613005000,05,01,00,2.4 Tipo de predio,8. Local
0770,BO613011000,00,01,01,2.4 Tipo de predio,1. Casa
0771,BO613005000,00,01,01,2.4 Tipo de predio,1. Casa
0772,BO417005000,00,01,01,2.4 Tipo de predio,1. Casa
0773,BO514002000,00,00,00,2.4 Tipo de predio,8. Local
0774,BO514001000,07,00,00,2.4 Tipo de predio,8. Local
0775,BO515001000,00,00,00,2.4 Tipo de predio,8. Local
0776,FR300224047,47,01,01,2.4 Tipo de predio,1. Casa
0777,FR300242003,03,01,03,2.4 Tipo de predio,1. Casa
0778,FR300224092,92,01,01,2.4 Tipo de predio,1. Casa
0780,CO500527011,11,01,01,2.4 Tipo de predio,1. Casa
0781,CO500527004,04,01,01,2.4 Tipo de predio,1. Casa
0782,CO500525009,09,01,01,2.4 Tipo de predio,1. Casa
0783,CO500525015,15,01,01,2.4 Tipo de predio,3. Cambuche / carpa
0784,CO500525013,13,01,01,2.4 Tipo de predio,1. Casa
0785,CO700556000,03,01,01,2.4 Tipo de predio,1. Casa
0786,CO500525010,10,01,01,2.4 Tipo de predio,1. Casa
0787,CO500525001,01,01,01,2.4 Tipo de predio,1. Casa
0790,CO500525014,14,01,01,2.4 Tipo de predio,1. Casa
0791,B0206010000,00,01,01,2.4 Tipo de predio,1. Casa
0793,BO203003005,05,01,01,2.4 Tipo de predio,1. Casa
0794,BO206011002,00,02,01,2.4 Tipo de predio,1. Casa
0795,BO205003001,01,01,01,2.4 Tipo de predio,1. Casa
0796,BO205003007,07,01,01,2.4 Tipo de predio,1. Casa
0797,BO206011000,00,01,01,2.4 Tipo de predio,1. Casa
0798,BO201001013,13,03,03,2.4 Tipo de predio,1. Casa
0799,BO206009000,00,01,01,2.4 Tipo de predio,1. Casa
0800,BO203002000,00,01,01,2.4 Tipo de predio,1. Casa
0801,CO600957000,00,01,01,2.4 Tipo de predio,4. Casa lote
0802,CO600942000,00,01,01,2.4 Tipo de predio,2. Apartamento
0803,CO500525006,06,01,02,2.4 Tipo de predio,1. Casa
0804,CO600527017,17,02,00,2.4 Tipo de predio,1. Casa
0805,CO500527005,05,01,01,2.4 Tipo de predio,1. Casa
0806,CO500252011,11,01,01,2.4 Tipo de predio,1. Casa
0807,CO500522001,01,01,01,2.4 Tipo de predio,1. Casa
0810,BE100013000,00,01,01,2.4 Tipo de predio,1. Casa
0811,CO300518002,02,01,01,2.4 Tipo de predio,1. Casa
0812,CO500527012,12,01,01,2.4 Tipo de predio,1. Casa
0813,CO500527013,13,01,01,2.4 Tipo de predio,1. Casa
0814,CO500527015,15,01,01,2.4 Tipo de predio,1. Casa
0815,CO700558000,04,01,01,2.4 Tipo de predio,1. Casa
0816,BO410001000,00,00,00,2.4 Tipo de predio,7. Estructura no residencial
0817,BO417015000,00,01,01,2.4 Tipo de predio,1. Casa
0818,BO639008000,00,01,01,2.4 Tipo de predio,1. Casa
0819,BO639012000,00,01,01,2.4 Tipo de predio,1. Casa
0820,BO639028000,00,01,01,2.4 Tipo de predio,1. Casa
0822,BO622004000,00,01,01,2.4 Tipo de predio,8. Local
0823,BO622014000,00,01,01,2.4 Tipo de predio,1. Casa
0824,BO645001000,00,01,01,2.4 Tipo de predio,1. Casa
0825,BO622006000,00,01,01,2.4 Tipo de predio,1. Casa
0826,BO639026000,00,01,01,2.4 Tipo de predio,1. Casa
0827,BO639026000,00,01,02,2.4 Tipo de predio,1. Casa
0828,BO645002000,02,02,02,2.4 Tipo de predio,2. Apartamento
0829,BO639006000,00,01,01,2.4 Tipo de predio,1. Casa
0830,BO639005000,00,01,01,2.4 Tipo de predio,1. Casa
0832,BO639011000,00,01,01,2.4 Tipo de predio,1. Casa
0834,BO639004000,00,01,01,2.4 Tipo de predio,1. Casa
0835,BO639007000,00,01,01,2.4 Tipo de predio,1. Casa
0836,BO639007000,00,01,02,2.4 Tipo de predio,11. Pieza
0837,BO622005000,00,04,00,2.4 Tipo de predio,8. Local
0838,BO639052000,00,02,01,2.4 Tipo de predio,1. Casa
0840,BO622007000,00,01,01,2.4 Tipo de predio,1. Casa
0841,BO520004012,12,01,01,2.4 Tipo de predio,1. Casa
0842,BO639007000,00,01,01,2.4 Tipo de predio,1. Casa
0843,BO645002000,00,01,01,2.4 Tipo de predio,1. Casa
0845,BO645002000,04,01,01,2.4 Tipo de predio,1. Casa
0846,BO203002014,14,01,01,2.4 Tipo de predio,1. Casa
0849,BO205002001,01,01,01,2.4 Tipo de predio,1. Casa
0850,BO148999071,71,01,01,2.4 Tipo de predio,11. Pieza
0851,BO206003001,01,01,01,2.4 Tipo de predio,1. Casa
0854,BO148999034,34,01,01,2.4 Tipo de predio,4. Casa lote
0855,BO206062000,00,02,01,2.4 Tipo de predio,2. Apartamento
0856,BO201001013,13,02,02,2.4 Tipo de predio,1. Casa
0857,BO148999016,16,01,01,2.4 Tipo de predio,1. Casa
0863,BO203001005,05,01,01,2.4 Tipo de predio,1. Casa
0864,BO203002006,06,01,01,2.4 Tipo de predio,1. Casa
0865,BO206002000,00,01,01,2.4 Tipo de predio,2. Apartamento
0866,BO203003001,01,01,01,2.4 Tipo de predio,1. Casa
0867,BO206007000,00,03,01,2.4 Tipo de predio,1. Casa
0868,BO206003000,00,01,01,2.4 Tipo de predio,1. Casa
0869,BO201001013,13,01,01,2.4 Tipo de predio,1. Casa
0871,BO203002003,03,01,01,2.4 Tipo de predio,1. Casa
0874,BO203003001,01,01,02,2.4 Tipo de predio,1. Casa
0875,BO203003002,01,01,03,2.4 Tipo de predio,1. Casa
0876,FR300224081,81,01,01,2.4 Tipo de predio,1. Casa
0877,FR300224081,81,01,02,2.4 Tipo de predio,1. Casa
0878,FR300225005,05,01,01,2.4 Tipo de predio,1. Casa
0880,FR300224078,78,01,01,2.4 Tipo de predio,1. Casa
0881,FR300224086,86,01,01,2.4 Tipo de predio,1. Casa
0882,FR300224108,08,01,01,2.4 Tipo de predio,1. Casa
0884,FR300224112,12,01,01,2.4 Tipo de predio,1. Casa
0886,FR300225008,08,01,01,2.4 Tipo de predio,1. Casa
0887,PE304002002,02,01,01,2.4 Tipo de predio,1. Casa
0888,FR300224095,95,01,01,2.4 Tipo de predio,1. Casa
0889,FR300224110,10,01,01,2.4 Tipo de predio,1. Casa
0890,PE102013000,00,01,02,2.4 Tipo de predio,1. Casa
0893,FR300224087,87,01,02,2.4 Tipo de predio,1. Casa
0894,FR300225013,13,01,01,2.4 Tipo de predio,1. Casa
0895,FR300225007,07,01,01,2.4 Tipo de predio,1. Casa
0897,PE203021000,00,01,01,2.4 Tipo de predio,1. Casa
0898,PE304004000,00,01,01,2.4 Tipo de predio,1. Casa
0899,PE203010000,00,01,02,2.4 Tipo de predio,1. Casa
0900,PE102013000,00,01,01,2.4 Tipo de predio,1. Casa
0901,PE102013000,00,01,03,2.4 Tipo de predio,1. Casa
0902,FR300224015,15,01,01,2.4 Tipo de predio,1. Casa
0903,FR300224015,15,01,02,2.4 Tipo de predio,1. Casa
0904,PE506008000,00,01,01,2.4 Tipo de predio,1. Casa
0905,FR300224023,23,01,01,2.4 Tipo de predio,1. Casa
0906,FR300224042,42,01,01,2.4 Tipo de predio,1. Casa
0907,FR300224066,66,01,01,2.4 Tipo de predio,1. Casa
0908,FR300224062,62,01,01,2.4 Tipo de predio,1. Casa
0909,PE102005000,00,01,01,2.4 Tipo de predio,1. Casa
0910,PE102015000,00,01,01,2.4 Tipo de predio,1. Casa
0911,PE102012000,00,01,01,2.4 Tipo de predio,1. Casa
0913,PE102012002,02,01,01,2.4 Tipo de predio,1. Casa
0914,PE102008000,00,01,01,2.4 Tipo de predio,1. Casa
0915,PE203018000,00,01,01,2.4 Tipo de predio,1. Casa
0916,PE304037000,00,01,01,2.4 Tipo de predio,1. Casa
0917,PE102012001,01,01,01,2.4 Tipo de predio,1. Casa
0918,PE102011000,00,02,02,2.4 Tipo de predio,1. Casa
0919,PE503044000,00,01,01,2.4 Tipo de predio,2. Apartamento
0921,PE304005000,00,01,01,2.4 Tipo de predio,1. Casa
0922,FR300224007,07,01,01,2.4 Tipo de predio,1. Casa
0923,FR300224006,60,01,01,2.4 Tipo de predio,1. Casa
0925,CO500527006,06,01,00,2.4 Tipo de predio,1. Casa
0926,CO500525004,04,01,01,2.4 Tipo de predio,1. Casa
0927,CO600994000,00,01,01,2.4 Tipo de predio,1. Casa
0928,CO500527008,08,01,00,2.4 Tipo de predio,1. Casa
0929,CO500527009,09,01,01,2.4 Tipo de predio,1. Casa
0930,CO600968000,00,01,01,2.4 Tipo de predio,1. Casa
0931,CO500527001,01,01,01,2.4 Tipo de predio,1. Casa
0932,CO500527014,14,14,01,2.4 Tipo de predio,1. Casa
0933,CO700550004,00,04,02,2.4 Tipo de predio,1. Casa
0934,CO500527003,03,01,01,2.4 Tipo de predio,1. Casa
0935,CO700560001,06,01,01,2.4 Tipo de predio,1. Casa
0936,BE100062005,05,01,01,2.4 Tipo de predio,1. Casa
0937,be100062001,01,01,01,2.4 Tipo de predio,1. Casa
0938,BE100062004,04,01,00,2.4 Tipo de predio,1. Casa
0939,FR300224085,85,01,01,2.4 Tipo de predio,1. Casa
0940,CO600994004,04,04,01,2.4 Tipo de predio,1. Casa
0942,CO600962000,00,01,01,2.4 Tipo de predio,1. Casa
0943,CO600990009,00,01,01,2.4 Tipo de predio,3. Cambuche / carpa
0944,CO600941000,00,01,01,2.4 Tipo de predio,2. Apartamento
0945,CO500522002,02,01,01,2.4 Tipo de predio,1. Casa
0946,CO500525002,02,01,01,2.4 Tipo de predio,1. Casa
0947,CO500525006,06,01,01,2.4 Tipo de predio,1. Casa
0948,CO500525005,05,01,02,2.4 Tipo de predio,1. Casa
0949,CO500525013,13,01,01,2.4 Tipo de predio,1. Casa
0950,BO417006000,00,01,01,2.4 Tipo de predio,1. Casa
0951,BO417006000,00,01,01,2.4 Tipo de predio,1. Casa
0952,BO417007000,00,00,00,2.4 Tipo de predio,1. Casa
0953,BO417014000,00,01,01,2.4 Tipo de predio,1. Casa
0954,BO520003006,06,01,01,2.4 Tipo de predio,1. Casa
0955,BO514001001,01,00,00,2.4 Tipo de predio,5. Bodega
0956,BO514001003,03,01,01,2.4 Tipo de predio,1. Casa
0957,BO514001002,02,00,00,2.4 Tipo de predio,8. Local
0958,BO514001003,03,00,00,2.4 Tipo de predio,8. Local
0959,BO417012000,00,01,01,2.4 Tipo de predio,1. Casa
0961,BO417013000,00,01,01,2.4 Tipo de predio,1. Casa
0962,BO639027000,00,01,01,2.4 Tipo de predio,1. Casa
0963,BO639043000,00,01,01,2.4 Tipo de predio,1. Casa
0964,BO622014000,00,02,01,2.4 Tipo de predio,1. Casa
0965,BO622006000,00,01,02,2.4 Tipo de predio,2. Apartamento
0966,BO622004000,00,01,02,2.4 Tipo de predio,2. Apartamento
0967,BO622003000,00,02,01,2.4 Tipo de predio,2. Apartamento
0968,BO641012000,00,02,01,2.4 Tipo de predio,2. Apartamento
0969,BO645002000,02,01,01,2.4 Tipo de predio,2. Apartamento
0970,BO645002000,00,01,01,2.4 Tipo de predio,1. Casa
0973,BO622011000,00,01,01,2.4 Tipo de predio,1. Casa
0974,BO622004000,00,01,01,2.4 Tipo de predio,2. Apartamento
0975,FR300224072,72,01,02,2.4 Tipo de predio,1. Casa
0976,BO410003000,00,01,01,2.4 Tipo de predio,1. Casa
0977,BO516001000,07,00,00,2.4 Tipo de predio,8. Local
0979,BO520004004,04,01,01,2.4 Tipo de predio,1. Casa
0980,BO407006000,00,00,00,2.4 Tipo de predio,8. Local
0981,BO407005000,00,00,00,2.4 Tipo de predio,9. Lote
0982,BO407022000,00,00,00,2.4 Tipo de predio,9. Lote
0985,BO520003010,10,01,01,2.4 Tipo de predio,1. Casa
0986,BO516001000,03,00,00,2.4 Tipo de predio,8. Local
0988,BO516001000,05,00,00,2.4 Tipo de predio,8. Local
0989,BO520004007,04,01,01,2.4 Tipo de predio,1. Casa
0990,BO520004004,04,01,01,2.4 Tipo de predio,1. Casa
0992,BO516001000,02,00,00,2.4 Tipo de predio,8. Local
0993,BO516001000,08,01,01,2.4 Tipo de predio,1. Casa
0994,BO520004001,01,01,01,2.4 Tipo de predio,1. Casa
0995,BO407021000,00,00,00,2.4 Tipo de predio,9. Lote
0996,BO516002000,00,00,00,2.4 Tipo de predio,8. Local
0997,BO516002000,01,00,00,2.4 Tipo de predio,8. Local
0998,BO516002000,00,00,00,2.4 Tipo de predio,8. Local
0999,BO410001000,00,00,01,2.4 Tipo de predio,1. Casa
1000,BO520004011,11,01,01,2.4 Tipo de predio,1. Casa
1203,CO600998002,02,45,11,2.4 Tipo de predio,3. Cambuche / carpa
1205,CO600976000,00,11,00,2.4 Tipo de predio,1. Casa
1210,CO100506002,02,12,11,2.4 Tipo de predio,1. Casa
1214,BO728003000,00,01,01,2.4 Tipo de predio,1. Casa
1215,BO728023000,00,01,01,2.4 Tipo de predio,1. Casa
1216,BO728006000,00,01,01,2.4 Tipo de predio,1. Casa
1217,BO728022000,00,01,02,2.4 Tipo de predio,1. Casa
1218,BO728007000,00,01,01,2.4 Tipo de predio,1. Casa
1219,BO724005000,00,01,01,2.4 Tipo de predio,1. Casa
1220,BO728021000,00,02,01,2.4 Tipo de predio,1. Casa
1221,BO725003000,00,01,01,2.4 Tipo de predio,1. Casa
1222,BO726004000,00,01,01,2.4 Tipo de predio,1. Casa
1224,BO728015000,00,01,01,2.4 Tipo de predio,1. Casa
1226,BO728010000,00,01,01,2.4 Tipo de predio,1. Casa
1227,BO723009000,00,01,01,2.4 Tipo de predio,1. Casa
1229,BO728022000,00,01,01,2.4 Tipo de predio,1. Casa
1230,BO728018000,00,01,01,2.4 Tipo de predio,1. Casa
1231,BO514002000,00,00,00,2.4 Tipo de predio,8. Local
1232,BO734001000,00,01,01,2.4 Tipo de predio,1. Casa
1233,BO734001000,00,02,01,2.4 Tipo de predio,2. Apartamento
1237,BO514001009,09,00,00,2.4 Tipo de predio,8. Local
1240,BO734006000,00,01,00,2.4 Tipo de predio,1. Casa
1242,BO734004000,00,03,00,2.4 Tipo de predio,1. Casa
1243,BO734004000,00,01,01,2.4 Tipo de predio,1. Casa
1244,BO514001004,04,01,01,2.4 Tipo de predio,1. Casa
1247,BO730005000,00,02,01,2.4 Tipo de predio,1. Casa
1252,BO730005000,00,03,01,2.4 Tipo de predio,1. Casa
1254,BO535310000,00,00,00,2.4 Tipo de predio,5. Bodega
1258,BO730001000,00,01,01,2.4 Tipo de predio,2. Apartamento
1259,BO730006000,00,01,01,2.4 Tipo de predio,1. Casa
1261,BO734002000,00,01,01,2.4 Tipo de predio,1. Casa
1262,BO645002000,00,02,01,2.4 Tipo de predio,1. Casa
1263,BO612004000,00,00,00,2.4 Tipo de predio,8. Local
1264,BO612004000,00,00,00,2.4 Tipo de predio,8. Local
1278,BO734004000,00,05,01,2.4 Tipo de predio,1. Casa
1279,BO734005000,00,01,01,2.4 Tipo de predio,1. Casa
1294,BO747001024,24,01,01,2.4 Tipo de predio,1. Casa
1297,BO747001003,03,01,01,2.4 Tipo de predio,1. Casa
1326,BO724002000,00,01,01,2.4 Tipo de predio,1. Casa
1327,BO728013000,00,01,01,2.4 Tipo de predio,1. Casa
1328,BO723008000,00,01,01,2.4 Tipo de predio,1. Casa
1330,BO728010000,01,01,01,2.4 Tipo de predio,1. Casa
1331,BO728021000,00,01,01,2.4 Tipo de predio,1. Casa
1332,BO728017000,00,01,01,2.4 Tipo de predio,1. Casa
1333,BO725011000,00,02,01,2.4 Tipo de predio,1. Casa
1336,BO734003000,00,01,01,2.4 Tipo de predio,1. Casa
1338,BO724004000,00,01,01,2.4 Tipo de predio,1. Casa
1339,BO730007000,00,01,01,2.4 Tipo de predio,1. Casa
1346,BO747001000,00,01,01,2.4 Tipo de predio,1. Casa
1350,BO734007000,00,01,01,2.4 Tipo de predio,1. Casa
1351,BO734007000,07,01,00,2.4 Tipo de predio,8. Local
1356,BO734004000,00,02,01,2.4 Tipo de predio,1. Casa
1358,BO730005000,00,01,01,2.4 Tipo de predio,1. Casa
1363,BO148999061,61,00,00,2.4 Tipo de predio,10. Escuela
1367,BO642012000,00,00,00,2.4 Tipo de predio,10. Escuela
1371,BO737001010,10,01,00,2.4 Tipo de predio,1. Casa
1390,BO642013000,00,00,00,2.4 Tipo de predio,9. Lote
1409,BO521012000,00,00,00,2.4 Tipo de predio,8. Local
1411,BO532005000,00,01,01,2.4 Tipo de predio,1. Casa
1414,BO521007000,00,01,03,2.4 Tipo de predio,1. Casa
1417,BO514001008,08,00,00,2.4 Tipo de predio,1. Casa
1418,BO417001000,00,01,01,2.4 Tipo de predio,2. Apartamento
1419,BO532006000,00,01,01,2.4 Tipo de predio,1. Casa
1421,BO728019000,00,01,01,2.4 Tipo de predio,1. Casa
1422,BO724001000,00,01,01,2.4 Tipo de predio,1. Casa
1429,BO206006001,01,02,01,2.4 Tipo de predio,1. Casa
1430,BO148999029,29,01,01,2.4 Tipo de predio,1. Casa
1431,BO737001008,08,01,01,2.4 Tipo de predio,1. Casa
1432,BO737001002,02,01,01,2.4 Tipo de predio,1. Casa
1433,BO737003003,03,01,01,2.4 Tipo de predio,1. Casa
1434,BO737001019,19,01,01,2.4 Tipo de predio,1. Casa
1435,BO747001015,15,01,01,2.4 Tipo de predio,1. Casa
1436,BO725008000,00,01,01,2.4 Tipo de predio,1. Casa
1437,BO725008000,00,02,01,2.4 Tipo de predio,1. Casa
1438,BO725005000,00,01,01,2.4 Tipo de predio,1. Casa
1439,BO725006000,00,01,01,2.4 Tipo de predio,1. Casa
1440,BO725015000,00,01,01,2.4 Tipo de predio,1. Casa
1441,BO725001000,01,01,01,2.4 Tipo de predio,1. Casa
1442,BO723006000,01,02,01,2.4 Tipo de predio,2. Apartamento
1443,BO726009000,00,01,01,2.4 Tipo de predio,1. Casa
1444,BO737001016,16,01,01,2.4 Tipo de predio,1. Casa
1445,BO737001015,15,02,01,2.4 Tipo de predio,1. Casa
1446,BO747001034,34,01,01,2.4 Tipo de predio,1. Casa
1447,BO737001004,04,02,01,2.4 Tipo de predio,1. Casa
1448,BO737001003,03,01,01,2.4 Tipo de predio,1. Casa
1449,BO747001018,17,01,01,2.4 Tipo de predio,1. Casa
1450,BO747001010,10,01,01,2.4 Tipo de predio,1. Casa
1451,BO747001033,33,01,01,2.4 Tipo de predio,1. Casa
1452,BO737001017,17,01,01,2.4 Tipo de predio,1. Casa
1454,BO726001000,00,02,01,2.4 Tipo de predio,1. Casa
1455,BO725010000,00,01,02,2.4 Tipo de predio,1. Casa
1456,BO737003001,01,01,02,2.4 Tipo de predio,1. Casa
1457,BO737001020,20,01,01,2.4 Tipo de predio,1. Casa
1458,BO747001011,11,01,01,2.4 Tipo de predio,1. Casa
1459,BO725010000,00,01,01,2.4 Tipo de predio,1. Casa
1460,BO725014000,00,01,01,2.4 Tipo de predio,1. Casa
1461,BO725014000,00,02,01,2.4 Tipo de predio,1. Casa
1463,BO725004000,00,01,01,2.4 Tipo de predio,1. Casa
1464,BO725013000,00,01,01,2.4 Tipo de predio,1. Casa
1465,BO726001000,00,01,01,2.4 Tipo de predio,1. Casa
1466,BO726008000,00,01,01,2.4 Tipo de predio,1. Casa
1467,BO725018000,00,01,02,2.4 Tipo de predio,1. Casa
1468,BO725018000,00,01,01,2.4 Tipo de predio,1. Casa
1469,BO725016000,00,01,01,2.4 Tipo de predio,1. Casa
1470,BO723003000,00,01,01,2.4 Tipo de predio,1. Casa
1471,BO723007000,00,02,01,2.4 Tipo de predio,1. Casa
1472,BO723010000,00,01,01,2.4 Tipo de predio,1. Casa
1473,BO723010000,01,00,00,2.4 Tipo de predio,8. Local
1475,BO728020000,00,02,01,2.4 Tipo de predio,1. Casa
1476,BO729008000,00,01,01,2.4 Tipo de predio,1. Casa
1477,BO728008000,00,01,01,2.4 Tipo de predio,1. Casa
1478,BO724002000,00,01,01,2.4 Tipo de predio,1. Casa
1479,BO728012000,00,01,01,2.4 Tipo de predio,1. Casa
1481,BO728026000,00,01,01,2.4 Tipo de predio,1. Casa
1482,BO723006000,02,03,01,2.4 Tipo de predio,1. Casa
1485,BO723010000,00,01,01,2.4 Tipo de predio,1. Casa
1487,BO728001000,00,01,01,2.4 Tipo de predio,1. Casa
1488,BO723004000,00,01,01,2.4 Tipo de predio,1. Casa
1489,BO724005000,00,01,01,2.4 Tipo de predio,1. Casa
1490,BO723006000,00,01,01,2.4 Tipo de predio,1. Casa
1491,BO728005000,00,00,00,2.4 Tipo de predio,1. Casa
1494,BO724003000,00,02,01,2.4 Tipo de predio,2. Apartamento
1495,BO726011000,00,01,01,2.4 Tipo de predio,1. Casa
1496,BO747001004,04,02,02,2.4 Tipo de predio,1. Casa
1497,BO747001004,04,01,01,2.4 Tipo de predio,1. Casa
1498,BO747001001,01,01,01,2.4 Tipo de predio,2. Apartamento
1500,PE102001000,00,01,00,2.4 Tipo de predio,8. Local
1501,BO204016000,00,23,01,2.4 Tipo de predio,1. Casa
1502,BO737001000,00,01,01,2.4 Tipo de predio,1. Casa
1503,BO204016000,00,17,00,2.4 Tipo de predio,8. Local
1504,BO747001011,11,01,02,2.4 Tipo de predio,1. Casa
1505,BO209001002,02,02,00,2.4 Tipo de predio,8. Local
1506,BO209001002,02,03,00,2.4 Tipo de predio,8. Local
1508,BO209001002,02,01,00,2.4 Tipo de predio,8. Local
1510,BO206010000,00,03,01,2.4 Tipo de predio,2. Apartamento
1511,BO737001009,09,01,01,2.4 Tipo de predio,1. Casa
1512,BO747001036,36,01,01,2.4 Tipo de predio,1. Casa
1513,BO747001008,08,01,01,2.4 Tipo de predio,1. Casa
1514,BO737003002,02,01,01,2.4 Tipo de predio,1. Casa
1515,BO209001000,00,01,01,2.4 Tipo de predio,1. Casa
1516,BO203002007,07,01,01,2.4 Tipo de predio,1. Casa
1517,BO737001013,13,13,01,2.4 Tipo de predio,1. Casa
1518,BO737003001,01,01,01,2.4 Tipo de predio,1. Casa
1519,BO737001014,14,01,01,2.4 Tipo de predio,1. Casa
1520,BO209001002,02,04,00,2.4 Tipo de predio,8. Local
1522,BO206002001,01,01,01,2.4 Tipo de predio,2. Apartamento
1523,BO747001017,17,01,01,2.4 Tipo de predio,1. Casa
1524,BO737001004,04,01,01,2.4 Tipo de predio,1. Casa
1525,BO737003006,06,01,01,2.4 Tipo de predio,1. Casa
1526,BO737003005,05,01,02,2.4 Tipo de predio,1. Casa
1527,BO747001035,35,01,01,2.4 Tipo de predio,1. Casa
1528,BO737001018,18,01,01,2.4 Tipo de predio,1. Casa
1529,BO206004001,01,01,01,2.4 Tipo de predio,2. Apartamento
1530,BO203003006,06,02,00,2.4 Tipo de predio,4. Casa lote
1531,BO204016000,00,15,01,2.4 Tipo de predio,2. Apartamento
1532,BO203001003,03,01,01,2.4 Tipo de predio,1. Casa
1533,BO209001001,01,00,00,2.4 Tipo de predio,8. Local
1534,BO747001023,23,01,01,2.4 Tipo de predio,1. Casa
1535,BO747001009,09,01,01,2.4 Tipo de predio,1. Casa
1537,BO747001001,01,01,01,2.4 Tipo de predio,1. Casa
1538,BO737001007,07,01,01,2.4 Tipo de predio,1. Casa
1539,BO737001012,12,01,01,2.4 Tipo de predio,1. Casa
1540,BO747001011,11,01,03,2.4 Tipo de predio,1. Casa
1541,BO723005000,01,01,01,2.4 Tipo de predio,1. Casa
1542,BO725017000,00,01,01,2.4 Tipo de predio,1. Casa
1543,BO725019000,00,01,01,2.4 Tipo de predio,1. Casa
1544,BO725017000,00,02,02,2.4 Tipo de predio,1. Casa
1545,BO726007000,00,01,01,2.4 Tipo de predio,1. Casa
1546,BO728016000,00,01,01,2.4 Tipo de predio,1. Casa
1547,BO723002000,00,02,01,2.4 Tipo de predio,1. Casa
1548,BO724004000,00,02,01,2.4 Tipo de predio,1. Casa
1549,BO728009000,00,01,01,2.4 Tipo de predio,1. Casa
1550,BO728014000,00,01,01,2.4 Tipo de predio,1. Casa
1551,BO726012000,00,01,01,2.4 Tipo de predio,1. Casa
1552,BO725005000,00,02,02,2.4 Tipo de predio,1. Casa
1553,BO725005000,00,02,01,2.4 Tipo de predio,1. Casa
1554,BO725012000,00,01,01,2.4 Tipo de predio,1. Casa
1555,BO725002000,00,01,01,2.4 Tipo de predio,1. Casa
1556,BO723007000,00,01,01,2.4 Tipo de predio,1. Casa
1557,BO725021000,00,02,02,2.4 Tipo de predio,1. Casa
1558,BO725021000,00,02,01,2.4 Tipo de predio,1. Casa
1559,BO725011000,00,01,01,2.4 Tipo de predio,1. Casa
1560,BO725003000,00,01,00,2.4 Tipo de predio,1. Casa
1561,BO723001000,00,01,01,2.4 Tipo de predio,1. Casa
1562,BO725020000,00,01,01,2.4 Tipo de predio,1. Casa
1563,BO725020000,02,01,01,2.4 Tipo de predio,2. Apartamento
1564,BO726006000,00,01,01,2.4 Tipo de predio,1. Casa
1565,BO725001000,00,01,01,2.4 Tipo de predio,1. Casa
1566,BO725004000,00,02,02,2.4 Tipo de predio,1. Casa
1568,BO726002000,00,01,01,2.4 Tipo de predio,1. Casa
1575,PE304003000,00,01,01,2.4 Tipo de predio,4. Casa lote
1584,BO747001028,28,01,01,2.4 Tipo de predio,1. Casa
1586,BO737001005,05,01,01,2.4 Tipo de predio,1. Casa
1587,PE102001600,00,01,01,2.4 Tipo de predio,2. Apartamento
1588,PE102015000,00,01,01,2.4 Tipo de predio,1. Casa
1589,PE102015001,01,01,01,2.4 Tipo de predio,1. Casa
1591,PE203004001,01,01,01,2.4 Tipo de predio,1. Casa
1592,PE203011000,00,01,00,2.4 Tipo de predio,11. Pieza
1594,PE203001000,00,02,01,2.4 Tipo de predio,1. Casa
1596,PE405016003,03,01,01,2.4 Tipo de predio,9. Lote
1597,PE203008000,00,04,01,2.4 Tipo de predio,2. Apartamento
1598,PE203013000,00,01,01,2.4 Tipo de predio,1. Casa
1599,PE405015001,01,01,01,2.4 Tipo de predio,1. Casa
1801,BE100062026,26,01,01,2.4 Tipo de predio,1. Casa
1803,BE100004001,01,01,01,2.4 Tipo de predio,1. Casa
1804,BE100073000,00,04,00,2.4 Tipo de predio,1. Casa
1816,BE100062016,16,01,01,2.4 Tipo de predio,1. Casa
1819,BE100062028,28,01,01,2.4 Tipo de predio,1. Casa
1820,BE100062036,36,01,01,2.4 Tipo de predio,1. Casa
1821,BE100062020,20,01,01,2.4 Tipo de predio,1. Casa
1822,BE100062019,19,01,01,2.4 Tipo de predio,1. Casa
1823,BE100049003,02,01,01,2.4 Tipo de predio,1. Casa
1824,BE100062029,29,01,01,2.4 Tipo de predio,1. Casa
1826,BE100062017,17,01,01,2.4 Tipo de predio,1. Casa
1827,BE100016000,00,00,00,2.4 Tipo de predio,4. Casa lote
1829,BE100015000,00,01,01,2.4 Tipo de predio,1. Casa
1830,BE100062008,08,01,01,2.4 Tipo de predio,1. Casa
1831,BE100062009,09,02,00,2.4 Tipo de predio,6. Caseta
1832,BE100062014,14,01,01,2.4 Tipo de predio,1. Casa
1833,BE100062007,07,01,01,2.4 Tipo de predio,2. Apartamento
1834,BE100027000,00,01,01,2.4 Tipo de predio,4. Casa lote
1835,BE100062031,31,01,01,2.4 Tipo de predio,4. Casa lote
1836,CO500522001,01,11,11,2.4 Tipo de predio,3. Cambuche / carpa
1841,BE100009000,00,00,00,2.4 Tipo de predio,9. Lote
1842,CO600532030,30,00,00,2.4 Tipo de predio,9. Lote
1843,CO600935000,00,01,00,2.4 Tipo de predio,1. Casa
1857,CO600991009,09,01,01,2.4 Tipo de predio,3. Cambuche / carpa
1861,CO500525008,08,88,00,2.4 Tipo de predio,1. Casa
1864,CO500528003,03,01,01,2.4 Tipo de predio,3. Cambuche / carpa
1878,CO700557000,00,01,01,2.4 Tipo de predio,1. Casa
1879,CO600937000,00,01,00,2.4 Tipo de predio,1. Casa
1880,CO600991006,01,11,11,2.4 Tipo de predio,1. Casa
1882,CO600986000,00,11,11,2.4 Tipo de predio,1. Casa
1884,CO700557000,00,01,02,2.4 Tipo de predio,1. Casa
1885,BE100080000,00,00,00,2.4 Tipo de predio,9. Lote
1887,CO300516004,04,01,00,2.4 Tipo de predio,1. Casa
1888,CO300517001,01,01,01,2.4 Tipo de predio,1. Casa
1889,CO300517003,03,01,01,2.4 Tipo de predio,1. Casa
1890,CO600537000,00,01,01,2.4 Tipo de predio,3. Cambuche / carpa
1893,CO500527010,10,01,01,2.4 Tipo de predio,1. Casa
1894,CO700555000,03,01,02,2.4 Tipo de predio,1. Casa
1895,CO700555000,02,08,01,2.4 Tipo de predio,1. Casa
1900,CO600993000,00,01,00,2.4 Tipo de predio,1. Casa
1901,BE100062007,07,01,01,2.4 Tipo de predio,1. Casa
1902,BE100062009,09,01,01,2.4 Tipo de predio,1. Casa
1903,CO700559000,05,01,01,2.4 Tipo de predio,1. Casa
1904,CO600972000,00,01,00,2.4 Tipo de predio,1. Casa
1909,BE100019000,00,03,01,2.4 Tipo de predio,1. Casa
1910,CO700560002,02,00,00,2.4 Tipo de predio,9. Lote
1912,BE100024000,00,00,00,2.4 Tipo de predio,10. Escuela
1916,CO300515002,02,33,11,2.4 Tipo de predio,1. Casa
1917,CO500526000,00,00,00,2.4 Tipo de predio,9. Lote
1918,CO600998000,00,02,00,2.4 Tipo de predio,1. Casa
1920,BE100033001,01,00,00,2.4 Tipo de predio,7. Estructura no residencial
1924,CO600539003,03,01,00,2.4 Tipo de predio,1. Casa
1931,BE100062002,02,01,01,2.4 Tipo de predio,1. Casa
1947,BE100005001,01,00,00,2.4 Tipo de predio,9. Lote
1948,BE100062032,32,01,01,2.4 Tipo de predio,1. Casa
1951,BE100073000,00,02,02,2.4 Tipo de predio,4. Casa lote
1952,BE100004002,02,00,00,2.4 Tipo de predio,7. Estructura no residencial
1953,BE100062006,06,01,00,2.4 Tipo de predio,2. Apartamento
1954,BE100062003,03,01,00,2.4 Tipo de predio,2. Apartamento
1955,BE100062035,35,01,01,2.4 Tipo de predio,1. Casa
1956,BE100062023,23,01,01,2.4 Tipo de predio,1. Casa
1957,BE100062024,24,00,00,2.4 Tipo de predio,6. Caseta
1958,BE100062022,22,01,01,2.4 Tipo de predio,1. Casa
1959,BE100062021,21,01,01,2.4 Tipo de predio,1. Casa
1960,BE100062033,33,01,01,2.4 Tipo de predio,1. Casa
1962,CO600998000,00,01,01,2.4 Tipo de predio,1. Casa
1963,CO100506003,03,01,01,2.4 Tipo de predio,1. Casa
1964,CO100503000,00,01,01,2.4 Tipo de predio,1. Casa
1965,BE100028000,00,00,00,2.4 Tipo de predio,9. Lote
1966,BE100062037,37,00,00,2.4 Tipo de predio,9. Lote
1967,BE100073000,00,03,01,2.4 Tipo de predio,1. Casa
1968,BE100073000,00,01,01,2.4 Tipo de predio,4. Casa lote
1969,CO100011001,01,01,01,2.4 Tipo de predio,1. Casa
1970,BE100033002,02,00,00,2.4 Tipo de predio,1. Casa
1971,BE100019000,00,01,01,2.4 Tipo de predio,1. Casa
1972,CO600532002,02,01,01,2.4 Tipo de predio,1. Casa
1974,CO300516001,01,01,01,2.4 Tipo de predio,1. Casa
1976,BE100062013,13,01,01,2.4 Tipo de predio,1. Casa
1977,be100062004,04,00,00,2.4 Tipo de predio,8. Local
1978,BE100062015,15,01,01,2.4 Tipo de predio,1. Casa
1979,BE100062010,10,01,01,2.4 Tipo de predio,1. Casa
1980,BE100062012,12,01,01,2.4 Tipo de predio,1. Casa
1981,BE100062011,11,00,00,2.4 Tipo de predio,7. Estructura no residencial
1982,BE100049002,02,01,01,2.4 Tipo de predio,3. Cambuche / carpa
1983,CO600532000,00,00,00,2.4 Tipo de predio,9. Lote
1984,CO300519000,00,01,01,2.4 Tipo de predio,1. Casa
1986,CO600532021,21,00,00,2.4 Tipo de predio,7. Estructura no residencial
1987,CO300517002,02,01,01,2.4 Tipo de predio,4. Casa lote
1988,BE100049001,01,01,01,2.4 Tipo de predio,4. Casa lote
1989,CO500522003,03,01,01,2.4 Tipo de predio,4. Casa lote
1990,CO300515001,01,02,01,2.4 Tipo de predio,1. Casa
1991,BE100062030,03,01,01,2.4 Tipo de predio,1. Casa
1993,CO600978000,00,01,00,2.4 Tipo de predio,4. Casa lote
1994,BE100006002,02,01,01,2.4 Tipo de predio,1. Casa
1995,BE100006001,01,01,01,2.4 Tipo de predio,4. Casa lote
1996,BE100062027,27,01,01,2.4 Tipo de predio,1. Casa
1997,BE100062025,25,01,01,2.4 Tipo de predio,1. Casa
1998,BE100079000,00,01,01,2.4 Tipo de predio,4. Casa lote
2000,BE100073000,00,05,01,2.4 Tipo de predio,1. Casa
2201,BO418016000,00,01,01,2.4 Tipo de predio,1. Casa
2202,BO728019000,00,02,01,2.4 Tipo de predio,1. Casa
2211,BO725007000,00,01,01,2.4 Tipo de predio,1. Casa
2213,BO792900100,00,02,01,2.4 Tipo de predio,1. Casa
2215,BO729002000,00,01,01,2.4 Tipo de predio,1. Casa
2221,BO729009000,00,01,01,2.4 Tipo de predio,1. Casa
2222,BO728002000,00,01,01,2.4 Tipo de predio,1. Casa
2223,BO729002000,00,02,01,2.4 Tipo de predio,1. Casa
2226,BO730001000,00,01,01,2.4 Tipo de predio,1. Casa
2229,BO729003000,00,01,01,2.4 Tipo de predio,1. Casa
2231,BO849042000,01,01,01,2.4 Tipo de predio,1. Casa
2233,BO849042000,33,01,01,2.4 Tipo de predio,1. Casa
2234,BO613003000,00,01,01,2.4 Tipo de predio,1. Casa
2235,BO849042000,37,01,01,2.4 Tipo de predio,1. Casa
2236,BO849042000,04,01,01,2.4 Tipo de predio,1. Casa
2237,BO849042000,13,01,01,2.4 Tipo de predio,1. Casa
2238,BO849042000,26,01,01,2.4 Tipo de predio,1. Casa
2239,BO849042000,09,01,01,2.4 Tipo de predio,1. Casa
2240,BO849042000,32,02,01,2.4 Tipo de predio,1. Casa
2242,BO849042000,24,01,01,2.4 Tipo de predio,1. Casa
2243,BO849042000,38,01,01,2.4 Tipo de predio,1. Casa
2246,BO849042000,10,01,01,2.4 Tipo de predio,1. Casa
2247,BO849042000,18,01,01,2.4 Tipo de predio,1. Casa
2248,BO611001000,03,01,02,2.4 Tipo de predio,1. Casa
2249,BO849042000,35,01,01,2.4 Tipo de predio,1. Casa
2250,BO849042000,28,01,01,2.4 Tipo de predio,1. Casa
2251,BO849042000,08,01,01,2.4 Tipo de predio,1. Casa
2253,BO849042000,27,01,01,2.4 Tipo de predio,1. Casa
2255,BO642005000,00,01,01,2.4 Tipo de predio,1. Casa
2256,BO849042000,02,01,01,2.4 Tipo de predio,1. Casa
2257,BO849042000,22,01,01,2.4 Tipo de predio,1. Casa
2258,BO849042000,41,01,01,2.4 Tipo de predio,1. Casa
2259,BO849042000,34,01,01,2.4 Tipo de predio,1. Casa
2260,BO612005000,02,00,00,2.4 Tipo de predio,8. Local
2261,BO849042000,07,01,01,2.4 Tipo de predio,1. Casa
2262,BO849904200,23,01,01,2.4 Tipo de predio,1. Casa
2263,BO849042000,34,01,01,2.4 Tipo de predio,1. Casa
2264,BO849042000,34,01,02,2.4 Tipo de predio,1. Casa
2265,BO612001000,00,01,01,2.4 Tipo de predio,1. Casa
2266,BO849042000,12,01,01,2.4 Tipo de predio,1. Casa
2267,BO849042000,40,01,01,2.4 Tipo de predio,1. Casa
2268,BO849042000,40,01,02,2.4 Tipo de predio,1. Casa
2269,BO612005000,00,00,00,2.4 Tipo de predio,8. Local
2271,BO849042000,11,01,01,2.4 Tipo de predio,1. Casa
2275,BO639034000,00,01,01,2.4 Tipo de predio,1. Casa
2276,BO849042000,05,01,01,2.4 Tipo de predio,1. Casa
2277,BO849042000,16,01,01,2.4 Tipo de predio,1. Casa
2278,BO849042000,25,01,01,2.4 Tipo de predio,1. Casa
2279,BO849042000,29,01,01,2.4 Tipo de predio,1. Casa
2280,BO622003000,00,11,00,2.4 Tipo de predio,5. Bodega
2286,BO419004000,00,01,01,2.4 Tipo de predio,1. Casa
2294,BO419005000,00,03,01,2.4 Tipo de predio,1. Casa
2295,BO521012000,00,00,00,2.4 Tipo de predio,8. Local
2296,BO521003000,00,01,01,2.4 Tipo de predio,1. Casa
2297,BO521002000,00,01,01,2.4 Tipo de predio,1. Casa
2298,BO521002000,00,02,01,2.4 Tipo de predio,1. Casa
2299,BO419005000,00,01,01,2.4 Tipo de predio,1. Casa
2300,BO729004000,00,03,00,2.4 Tipo de predio,1. Casa
2301,BO612002000,00,01,01,2.4 Tipo de predio,1. Casa
2302,BO643002000,00,01,02,2.4 Tipo de predio,1. Casa
2303,BO611003000,00,00,00,2.4 Tipo de predio,8. Local
2304,BO407018000,00,00,00,2.4 Tipo de predio,9. Lote
2306,BO373003005,05,01,01,2.4 Tipo de predio,1. Casa
2307,BO643002000,00,01,01,2.4 Tipo de predio,1. Casa
2308,BO622003000,00,01,01,2.4 Tipo de predio,1. Casa
2309,BO725022000,00,01,01,2.4 Tipo de predio,1. Casa
2310,BO643011000,00,02,01,2.4 Tipo de predio,1. Casa
2311,BO723005000,00,01,01,2.4 Tipo de predio,1. Casa
2312,BO642006000,00,01,01,2.4 Tipo de predio,1. Casa
2313,BO622015000,00,01,01,2.4 Tipo de predio,2. Apartamento
2314,BO849042000,00,01,01,2.4 Tipo de predio,2. Apartamento
2317,BO612005000,05,00,00,2.4 Tipo de predio,8. Local
2318,BO612005000,07,00,00,2.4 Tipo de predio,8. Local
2319,BO612009000,04,00,00,2.4 Tipo de predio,5. Bodega
2320,BO612010000,00,00,00,2.4 Tipo de predio,5. Bodega
2321,BO613010000,00,02,01,2.4 Tipo de predio,1. Casa
2322,BO643010000,00,01,01,2.4 Tipo de predio,1. Casa
2323,BO612005000,04,00,00,2.4 Tipo de predio,8. Local
2324,BO622003000,00,03,01,2.4 Tipo de predio,2. Apartamento
2325,BO613005000,00,01,01,2.4 Tipo de predio,1. Casa
2327,BO205003011,11,00,00,2.4 Tipo de predio,5. Bodega
2328,BO747001013,13,01,01,2.4 Tipo de predio,1. Casa
2329,BO204016000,00,28,01,2.4 Tipo de predio,8. Local
2330,BO204016000,00,29,00,2.4 Tipo de predio,8. Local
2331,BO204016000,00,06,11,2.4 Tipo de predio,2. Apartamento
2332,BO204016000,00,06,13,2.4 Tipo de predio,2. Apartamento
2333,BO204016000,00,06,03,2.4 Tipo de predio,2. Apartamento
2334,BO206011000,00,01,04,2.4 Tipo de predio,1. Casa
2335,BO204016000,00,10,01,2.4 Tipo de predio,2. Apartamento
2336,BO204016000,00,28,00,2.4 Tipo de predio,8. Local
2337,BO202004000,00,01,00,2.4 Tipo de predio,8. Local
2338,BO204016000,00,06,01,2.4 Tipo de predio,2. Apartamento
2339,BO204016000,00,04,01,2.4 Tipo de predio,2. Apartamento
2340,BO203003006,06,01,01,2.4 Tipo de predio,1. Casa
2341,BO204016000,00,16,00,2.4 Tipo de predio,8. Local
2342,BO204016000,00,26,00,2.4 Tipo de predio,5. Bodega
2344,BO204016000,00,25,00,2.4 Tipo de predio,8. Local
2345,BO204016000,00,24,00,2.4 Tipo de predio,8. Local
2346,BO204016000,00,02,01,2.4 Tipo de predio,1. Casa
2347,BO204016000,00,13,01,2.4 Tipo de predio,1. Casa
2348,BO737001011,11,01,01,2.4 Tipo de predio,1. Casa
2349,BO747001031,31,01,01,2.4 Tipo de predio,1. Casa
2350,BO747001025,25,01,01,2.4 Tipo de predio,3. Cambuche / carpa
2351,BO204016000,00,21,00,2.4 Tipo de predio,8. Local
2352,BO747001020,20,01,01,2.4 Tipo de predio,3. Cambuche / carpa
2353,BO202006000,00,01,00,2.4 Tipo de predio,8. Local
2354,BO202006000,00,01,00,2.4 Tipo de predio,8. Local
2355,BO202004000,01,01,00,2.4 Tipo de predio,8. Local
2356,BO204016000,00,11,01,2.4 Tipo de predio,1. Casa
2362,BO202005000,00,02,01,2.4 Tipo de predio,1. Casa
2364,BO202007000,00,02,00,2.4 Tipo de predio,2. Apartamento
2368,BO737001006,06,01,01,2.4 Tipo de predio,3. Cambuche / carpa
2369,BO747001027,27,01,01,2.4 Tipo de predio,3. Cambuche / carpa
2370,BO747001012,12,01,01,2.4 Tipo de predio,1. Casa
2371,BO521009000,00,01,01,2.4 Tipo de predio,1. Casa
2372,BO419002000,00,01,01,2.4 Tipo de predio,1. Casa
2373,BO521009000,00,01,01,2.4 Tipo de predio,1. Casa
2376,BO521004000,00,01,02,2.4 Tipo de predio,1. Casa
2378,BO419003000,00,01,01,2.4 Tipo de predio,2. Apartamento
2379,BO521005000,00,01,01,2.4 Tipo de predio,1. Casa
2380,BO521005000,00,01,01,2.4 Tipo de predio,1. Casa
2383,BO417003000,00,01,01,2.4 Tipo de predio,1. Casa
2385,BO419003000,00,01,01,2.4 Tipo de predio,1. Casa
2386,BO521001000,00,00,00,2.4 Tipo de predio,8. Local
2391,BO521010000,00,01,01,2.4 Tipo de predio,2. Apartamento
2392,BO419002000,00,01,01,2.4 Tipo de predio,1. Casa
2393,BO521004000,00,01,01,2.4 Tipo de predio,1. Casa
2396,BO532006000,00,01,00,2.4 Tipo de predio,1. Casa
2397,BO521004000,00,01,01,2.4 Tipo de predio,1. Casa
2398,BO520004010,00,01,00,2.4 Tipo de predio,1. Casa
2401,PE304001001,01,01,01,2.4 Tipo de predio,1. Casa
2402,PE304002004,04,01,01,2.4 Tipo de predio,1. Casa
2403,PE304010000,00,02,01,2.4 Tipo de predio,1. Casa
2404,PE304028000,00,01,01,2.4 Tipo de predio,1. Casa
2405,PE203021000,00,01,01,2.4 Tipo de predio,1. Casa
2406,PE304028000,00,01,02,2.4 Tipo de predio,1. Casa
2407,PE203024000,00,01,01,2.4 Tipo de predio,1. Casa
2408,PE203024000,00,02,01,2.4 Tipo de predio,1. Casa
2409,PE304027000,00,01,02,2.4 Tipo de predio,1. Casa
2410,PE304027000,00,01,01,2.4 Tipo de predio,1. Casa
2411,PE304001003,03,01,01,2.4 Tipo de predio,1. Casa
2412,PE203022000,00,02,01,2.4 Tipo de predio,2. Apartamento
2413,PE102025000,00,02,01,2.4 Tipo de predio,1. Casa
2414,PE102025500,00,01,01,2.4 Tipo de predio,1. Casa
2415,PE203022000,00,01,01,2.4 Tipo de predio,1. Casa
2416,PE304009000,00,01,01,2.4 Tipo de predio,1. Casa
2417,PE102022000,00,01,01,2.4 Tipo de predio,1. Casa
2418,PE304009001,01,01,01,2.4 Tipo de predio,1. Casa
2419,PE203005000,00,02,01,2.4 Tipo de predio,1. Casa
2420,PE102021000,00,02,01,2.4 Tipo de predio,1. Casa
2421,PE102021000,00,01,00,2.4 Tipo de predio,8. Local
2422,PE304045001,01,01,01,2.4 Tipo de predio,1. Casa
2423,PE304019000,00,01,01,2.4 Tipo de predio,1. Casa
2424,PE304014000,00,01,01,2.4 Tipo de predio,1. Casa
2425,PE203007000,00,01,01,2.4 Tipo de predio,1. Casa
2426,PE203012001,01,00,00,2.4 Tipo de predio,8. Local
2427,PE503050000,00,01,01,2.4 Tipo de predio,1. Casa
2428,PE503040000,00,01,01,2.4 Tipo de predio,1. Casa
2429,PE503034000,00,01,01,2.4 Tipo de predio,1. Casa
2430,PE304020000,00,01,01,2.4 Tipo de predio,1. Casa
2431,PE304044000,00,01,01,2.4 Tipo de predio,1. Casa
2432,PE304008000,00,01,01,2.4 Tipo de predio,1. Casa
2433,PE304033000,00,01,01,2.4 Tipo de predio,1. Casa
2434,PE304035000,00,01,01,2.4 Tipo de predio,1. Casa
2435,PE304002003,03,01,01,2.4 Tipo de predio,1. Casa
2436,PE304041000,00,01,01,2.4 Tipo de predio,1. Casa
2437,PE304016000,00,01,01,2.4 Tipo de predio,1. Casa
2438,PE304018000,00,01,01,2.4 Tipo de predio,1. Casa
2439,PE304040001,01,01,01,2.4 Tipo de predio,1. Casa
2440,PE304006000,00,01,01,2.4 Tipo de predio,1. Casa
2441,PE102023000,00,01,01,2.4 Tipo de predio,1. Casa
2442,PE203014000,00,01,02,2.4 Tipo de predio,1. Casa
2443,PE102011000,00,01,01,2.4 Tipo de predio,1. Casa
2444,PE102006000,00,01,01,2.4 Tipo de predio,1. Casa
2445,PE203004000,00,01,01,2.4 Tipo de predio,1. Casa
2446,PE203016000,00,01,01,2.4 Tipo de predio,1. Casa
2447,PE304045002,02,00,00,2.4 Tipo de predio,9. Lote
2448,PE304011000,00,00,00,2.4 Tipo de predio,9. Lote
2449,PE304013000,00,00,00,2.4 Tipo de predio,9. Lote
2450,PE102016000,00,01,01,2.4 Tipo de predio,1. Casa
2451,PE102007000,00,01,01,2.4 Tipo de predio,1. Casa
2452,PE503025000,00,01,01,2.4 Tipo de predio,1. Casa
2453,PE503064000,00,01,01,2.4 Tipo de predio,1. Casa
2454,PE503061000,00,01,01,2.4 Tipo de predio,1. Casa
2455,PE503054000,00,00,00,2.4 Tipo de predio,9. Lote
2456,PE304025000,00,01,01,2.4 Tipo de predio,1. Casa
2457,PE503025001,01,01,01,2.4 Tipo de predio,2. Apartamento
2458,PE503066002,02,01,01,2.4 Tipo de predio,1. Casa
2459,PE503051000,00,01,01,2.4 Tipo de predio,1. Casa
2460,PE503041000,00,01,01,2.4 Tipo de predio,1. Casa
2461,PE304012000,00,01,01,2.4 Tipo de predio,1. Casa
2462,PE304012000,00,02,01,2.4 Tipo de predio,1. Casa
2463,PE203014000,00,01,01,2.4 Tipo de predio,1. Casa
2464,PE203002000,00,01,01,2.4 Tipo de predio,1. Casa
2465,PE102003000,00,01,01,2.4 Tipo de predio,1. Casa
2467,PE503053000,00,01,01,2.4 Tipo de predio,1. Casa
2468,PE304030001,01,01,01,2.4 Tipo de predio,1. Casa
2469,PE304045000,00,01,01,2.4 Tipo de predio,1. Casa
2470,PE203012000,00,01,01,2.4 Tipo de predio,8. Local
2471,PE503058000,00,01,01,2.4 Tipo de predio,1. Casa
2472,PE503028001,01,01,01,2.4 Tipo de predio,1. Casa
2473,PE503061001,01,01,01,2.4 Tipo de predio,1. Casa
2474,PE503062000,00,01,01,2.4 Tipo de predio,1. Casa
2475,PE203003000,00,01,01,2.4 Tipo de predio,1. Casa
2476,PE503046000,00,01,01,2.4 Tipo de predio,1. Casa
2477,PE203001001,01,01,01,2.4 Tipo de predio,1. Casa
2478,PE304036000,00,01,01,2.4 Tipo de predio,1. Casa
2479,PE304043000,00,01,01,2.4 Tipo de predio,1. Casa
2480,PE304002001,01,02,01,2.4 Tipo de predio,1. Casa
2481,PE102008000,00,01,01,2.4 Tipo de predio,1. Casa
2482,PE304012000,00,03,01,2.4 Tipo de predio,1. Casa
2483,PE203001000,00,01,01,2.4 Tipo de predio,1. Casa
2484,PE203024000,00,03,01,2.4 Tipo de predio,1. Casa
2485,PE203006000,00,01,01,2.4 Tipo de predio,1. Casa
2487,PE304009000,00,01,01,2.4 Tipo de predio,1. Casa
2488,PE304045000,00,01,01,2.4 Tipo de predio,1. Casa
2489,PE304001002,02,01,01,2.4 Tipo de predio,1. Casa
2490,PE304002000,00,01,01,2.4 Tipo de predio,1. Casa
2491,PE304006000,00,04,01,2.4 Tipo de predio,1. Casa
2493,PE203019000,00,01,01,2.4 Tipo de predio,1. Casa
2494,PE203005001,01,01,01,2.4 Tipo de predio,1. Casa
2496,PE304001000,00,01,01,2.4 Tipo de predio,1. Casa
2497,PE304001000,00,01,01,2.4 Tipo de predio,1. Casa
2498,PE304017000,00,01,01,2.4 Tipo de predio,1. Casa
2499,PE203017000,00,01,01,2.4 Tipo de predio,1. Casa
2500,PE102018000,00,01,01,2.4 Tipo de predio,1. Casa
2501,PE405010000,00,01,01,2.4 Tipo de predio,1. Casa
2503,PE405017000,00,01,01,2.4 Tipo de predio,3. Cambuche / carpa
2504,PE506005000,00,01,01,2.4 Tipo de predio,1. Casa
2505,PE503030001,01,01,01,2.4 Tipo de predio,1. Casa
2506,PE304006000,00,03,01,2.4 Tipo de predio,1. Casa
2507,PE304032000,00,01,01,2.4 Tipo de predio,1. Casa
2508,PE405003000,00,01,02,2.4 Tipo de predio,4. Casa lote
2509,PE405012001,01,01,01,2.4 Tipo de predio,1. Casa
2510,PE506001001,01,01,01,2.4 Tipo de predio,1. Casa
2511,PE503031000,00,01,01,2.4 Tipo de predio,4. Casa lote
2512,PE503031001,01,01,01,2.4 Tipo de predio,2. Apartamento
2513,PE503067001,01,01,01,2.4 Tipo de predio,1. Casa
2514,PE102017000,00,01,01,2.4 Tipo de predio,1. Casa
2515,PE405007000,00,01,01,2.4 Tipo de predio,1. Casa
2516,PE405011000,00,01,01,2.4 Tipo de predio,1. Casa
2517,PE405011000,00,01,02,2.4 Tipo de predio,1. Casa
2518,PE506007000,00,01,01,2.4 Tipo de predio,1. Casa
2519,PE405009000,00,01,01,2.4 Tipo de predio,5. Bodega
2520,PE503069001,01,01,01,2.4 Tipo de predio,1. Casa
2521,PE503038000,00,01,01,2.4 Tipo de predio,1. Casa
2522,PE405013000,00,01,01,2.4 Tipo de predio,1. Casa
2524,PE506006000,00,01,01,2.4 Tipo de predio,9. Lote
2525,PE503039000,00,01,01,2.4 Tipo de predio,1. Casa
2526,PE405014000,00,01,01,2.4 Tipo de predio,9. Lote
2527,PE304024000,00,01,01,2.4 Tipo de predio,1. Casa
2528,PE405001000,00,01,01,2.4 Tipo de predio,1. Casa
2529,PE405005000,00,01,01,2.4 Tipo de predio,1. Casa
2530,PE503029000,00,01,01,2.4 Tipo de predio,1. Casa
2531,PE506003000,00,01,01,2.4 Tipo de predio,1. Casa
2533,PE503044001,01,02,01,2.4 Tipo de predio,1. Casa
2534,PE503056000,00,01,01,2.4 Tipo de predio,1. Casa
2535,PE503035000,00,01,01,2.4 Tipo de predio,1. Casa
2536,PE102023000,00,01,02,2.4 Tipo de predio,1. Casa
2537,PE203009000,00,01,01,2.4 Tipo de predio,4. Casa lote
2538,PE405016002,02,01,01,2.4 Tipo de predio,1. Casa
2539,PE405012002,02,01,01,2.4 Tipo de predio,1. Casa
2540,PE506008001,01,01,01,2.4 Tipo de predio,1. Casa
2541,PE405003000,00,01,01,2.4 Tipo de predio,4. Casa lote
2542,PE503049000,00,01,01,2.4 Tipo de predio,1. Casa
2543,PE503047000,00,01,01,2.4 Tipo de predio,1. Casa
2544,PE304007000,00,01,01,2.4 Tipo de predio,1. Casa
2545,PE203008000,00,01,00,2.4 Tipo de predio,8. Local
2546,PE304015000,00,01,01,2.4 Tipo de predio,1. Casa
2547,PE304039000,00,01,01,2.4 Tipo de predio,4. Casa lote
2548,PE304039000,00,01,02,2.4 Tipo de predio,4. Casa lote
2549,PE102007000,00,01,01,2.4 Tipo de predio,1. Casa
2550,PE203020000,00,01,01,2.4 Tipo de predio,1. Casa
2551,PE102026000,00,01,02,2.4 Tipo de predio,1. Casa
2553,PE503028000,00,02,01,2.4 Tipo de predio,1. Casa
2554,PE506008002,02,01,01,2.4 Tipo de predio,1. Casa
2555,PE203010000,00,01,01,2.4 Tipo de predio,1. Casa
2556,PE304001004,04,01,01,2.4 Tipo de predio,1. Casa
2557,PE102014000,00,01,01,2.4 Tipo de predio,4. Casa lote
2558,PE304034000,00,01,01,2.4 Tipo de predio,1. Casa
2559,PE503059000,00,01,01,2.4 Tipo de predio,1. Casa
2560,PE304022001,01,01,01,2.4 Tipo de predio,1. Casa
2561,PE503057000,00,01,01,2.4 Tipo de predio,3. Cambuche / carpa
2562,PE503002600,00,01,01,2.4 Tipo de predio,1. Casa
2563,PE503066001,01,01,01,2.4 Tipo de predio,1. Casa
2564,PE503048000,00,01,01,2.4 Tipo de predio,1. Casa
2565,PE503045000,00,01,01,2.4 Tipo de predio,1. Casa
2566,PE503042000,00,01,01,2.4 Tipo de predio,3. Cambuche / carpa
2567,PE503055000,00,01,01,2.4 Tipo de predio,1. Casa
2568,PE304023000,00,01,01,2.4 Tipo de predio,1. Casa
2569,PE503036000,00,01,01,2.4 Tipo de predio,1. Casa
2571,PE503032000,00,01,01,2.4 Tipo de predio,1. Casa
2572,PE506004000,00,00,00,2.4 Tipo de predio,9. Lote
2573,PE503067001,01,01,02,2.4 Tipo de predio,1. Casa
2574,PE503067001,01,02,01,2.4 Tipo de predio,2. Apartamento
2575,PE304029001,01,01,01,2.4 Tipo de predio,1. Casa
2576,PE405006000,00,01,01,2.4 Tipo de predio,1. Casa
2577,PE405004000,00,01,01,2.4 Tipo de predio,9. Lote
2578,PE503034000,00,01,01,2.4 Tipo de predio,1. Casa
2579,PE503066000,00,01,01,2.4 Tipo de predio,1. Casa
2580,PE503027001,01,01,01,2.4 Tipo de predio,1. Casa
2581,PE503067000,00,01,01,2.4 Tipo de predio,1. Casa
2582,PE304040000,00,01,01,2.4 Tipo de predio,1. Casa
2583,PE503030000,00,01,01,2.4 Tipo de predio,1. Casa
2584,PE503033000,00,01,01,2.4 Tipo de predio,1. Casa
2585,PE405016001,01,01,01,2.4 Tipo de predio,1. Casa
2586,PE405008000,00,01,01,2.4 Tipo de predio,1. Casa
2587,SL100001001,01,01,00,2.4 Tipo de predio,8. Local
2588,PE102002001,01,01,00,2.4 Tipo de predio,12. Otro
2589,PE102018000,00,01,00,2.4 Tipo de predio,8. Local
2590,PE102016000,00,03,01,2.4 Tipo de predio,2. Apartamento
2593,PE102024000,00,02,01,2.4 Tipo de predio,2. Apartamento
2594,PE405002000,00,02,02,2.4 Tipo de predio,1. Casa
2595,PE405002000,00,01,01,2.4 Tipo de predio,1. Casa
2596,PE506001002,02,01,01,2.4 Tipo de predio,1. Casa
2597,PE503037000,00,01,01,2.4 Tipo de predio,1. Casa
2598,PE304026000,00,01,01,2.4 Tipo de predio,1. Casa
2599,PE102012001,01,01,02,2.4 Tipo de predio,1. Casa
2600,PE102024000,00,01,01,2.4 Tipo de predio,1. Casa
2631,BO727005000,00,01,01,2.4 Tipo de predio,2. Apartamento
2632,BO727013000,00,01,01,2.4 Tipo de predio,2. Apartamento
2633,BO727013000,00,02,01,2.4 Tipo de predio,2. Apartamento
2634,BO727013000,00,01,01,2.4 Tipo de predio,1. Casa
2635,BO727005000,00,02,01,2.4 Tipo de predio,2. Apartamento
2638,BO727012000,00,01,01,2.4 Tipo de predio,1. Casa
2639,BO747001022,22,01,01,2.4 Tipo de predio,1. Casa
2640,BO727001000,01,01,01,2.4 Tipo de predio,1. Casa
2643,BO641006000,00,00,00,2.4 Tipo de predio,9. Lote
2644,PE102009000,00,01,01,2.4 Tipo de predio,1. Casa
2645,PE102017000,00,02,01,2.4 Tipo de predio,1. Casa
2646,BO272701100,00,01,01,2.4 Tipo de predio,1. Casa
2647,BO727002000,00,01,01,2.4 Tipo de predio,1. Casa
2648,BO727008000,00,01,01,2.4 Tipo de predio,1. Casa
2649,BO747001031,31,01,02,2.4 Tipo de predio,1. Casa
2651,BO737003001,01,01,04,2.4 Tipo de predio,1. Casa
2652,BO641010000,00,00,00,2.4 Tipo de predio,9. Lote
2653,BO737003001,01,01,03,2.4 Tipo de predio,1. Casa
2655,BO209002000,00,00,00,2.4 Tipo de predio,9. Lote
2657,BO148999060,60,00,00,2.4 Tipo de predio,9. Lote
2659,BO747001007,07,01,01,2.4 Tipo de predio,1. Casa
2661,BO727003001,01,02,01,2.4 Tipo de predio,1. Casa
2662,BO727013000,00,01,01,2.4 Tipo de predio,1. Casa
2663,BO727004000,00,01,01,2.4 Tipo de predio,1. Casa
2698,CO600532014,00,00,00,2.4 Tipo de predio,1. Casa
2701,PE503027000,00,01,01,2.4 Tipo de predio,1. Casa
2704,PE102002000,00,01,00,2.4 Tipo de predio,7. Estructura no residencial
2707,PE304030000,00,01,02,2.4 Tipo de predio,1. Casa
2708,PE304042000,00,01,01,2.4 Tipo de predio,1. Casa
2709,PE503053000,00,01,02,2.4 Tipo de predio,1. Casa
2752,BO747001021,21,01,01,2.4 Tipo de predio,3. Cambuche / carpa
2753,BO727010000,00,02,01,2.4 Tipo de predio,1. Casa
2754,BO641090000,00,00,00,2.4 Tipo de predio,9. Lote
2758,BO727010000,00,01,01,2.4 Tipo de predio,1. Casa
2759,BO727009000,00,01,01,2.4 Tipo de predio,1. Casa
2760,BO747001000,00,01,01,2.4 Tipo de predio,1. Casa
2766,BO727015000,00,01,01,2.4 Tipo de predio,1. Casa
9999999999,FG123321234,00,01,01,2.4 Tipo de predio,1. Casa
