0001,BO338005000,00,01,01,2.5 Usos del predio,7. Vivienda
0002,BO407017000,00,01,01,2.5 Usos del predio,7. Vivienda
0003,BO407017000,00,01,02,2.5 Usos del predio,7. Vivienda
0004,BO338011000,01,01,01,2.5 Usos del predio,7. Vivienda
0007,BO338010000,01,02,00,2.5 Usos del predio,7. Vivienda
0009,BO407015000,01,01,01,2.5 Usos del predio,7. Vivienda
0011,BO407017000,00,03,01,2.5 Usos del predio,7. Vivienda
0012,BO407017000,00,04,01,2.5 Usos del predio,7. Vivienda
0016,BO407009000,00,00,01,2.5 Usos del predio,7. Vivienda
0018,BO520003007,07,07,01,2.5 Usos del predio,7. Vivienda
0019,BO338006000,00,01,01,2.5 Usos del predio,3. Comercial
0019,BO338006000,00,01,01,2.5 Usos del predio,7. Vivienda
0020,BO338008000,00,01,01,2.5 Usos del predio,7. Vivienda
0021,BO410000100,00,00,00,2.5 Usos del predio,3. Comercial
0022,BO407007000,00,01,03,2.5 Usos del predio,7. Vivienda
0024,BO338001000,01,02,02,2.5 Usos del predio,7. Vivienda
0025,BO408001005,05,00,00,2.5 Usos del predio,3. Comercial
0027,BO338002000,03,01,01,2.5 Usos del predio,7. Vivienda
0030,BO410001000,00,01,01,2.5 Usos del predio,4. Servicios
0031,BO410002000,00,00,00,2.5 Usos del predio,3. Comercial
0032,BO410000100,00,00,00,2.5 Usos del predio,3. Comercial
0033,BO338007000,00,01,01,2.5 Usos del predio,5. Industrial
0035,BO641012000,00,01,01,2.5 Usos del predio,7. Vivienda
0036,BO642017000,00,01,01,2.5 Usos del predio,7. Vivienda
0039,BO641002000,00,01,01,2.5 Usos del predio,7. Vivienda
0041,CO600991002,02,02,01,2.5 Usos del predio,7. Vivienda
0044,BO641007000,00,01,01,2.5 Usos del predio,7. Vivienda
0046,BO643023000,00,01,02,2.5 Usos del predio,7. Vivienda
0047,BO641005000,00,02,01,2.5 Usos del predio,7. Vivienda
0048,BO642018000,00,01,01,2.5 Usos del predio,7. Vivienda
0049,BO643023000,00,01,01,2.5 Usos del predio,7. Vivienda
0050,BO641019000,00,01,01,2.5 Usos del predio,7. Vivienda
0051,BO642004000,00,01,01,2.5 Usos del predio,7. Vivienda
0052,BO643001000,00,01,01,2.5 Usos del predio,3. Comercial
0052,BO643001000,00,01,01,2.5 Usos del predio,7. Vivienda
0053,BO640001006,06,01,01,2.5 Usos del predio,7. Vivienda
0054,BO642002000,00,01,01,2.5 Usos del predio,7. Vivienda
0055,BO643013000,00,01,01,2.5 Usos del predio,7. Vivienda
0056,BO641018000,00,01,01,2.5 Usos del predio,7. Vivienda
0057,BO643016000,01,01,01,2.5 Usos del predio,7. Vivienda
0058,BO642006000,00,01,01,2.5 Usos del predio,7. Vivienda
0059,BO641021000,00,01,01,2.5 Usos del predio,7. Vivienda
0060,BO643022000,00,01,01,2.5 Usos del predio,7. Vivienda
0061,BO641001000,00,00,01,2.5 Usos del predio,7. Vivienda
0062,BO639049000,00,01,01,2.5 Usos del predio,7. Vivienda
0063,BO639045000,00,01,01,2.5 Usos del predio,7. Vivienda
0065,BO639031000,00,01,01,2.5 Usos del predio,7. Vivienda
0066,BO639052008,08,01,01,2.5 Usos del predio,7. Vivienda
0067,BO639042000,01,01,01,2.5 Usos del predio,7. Vivienda
0068,BO148999001,01,01,01,2.5 Usos del predio,7. Vivienda
0070,BO201001005,05,01,01,2.5 Usos del predio,7. Vivienda
0071,BO148999000,00,01,01,2.5 Usos del predio,7. Vivienda
0072,BO148999021,21,01,01,2.5 Usos del predio,7. Vivienda
0073,BO148999035,35,01,01,2.5 Usos del predio,7. Vivienda
0074,BO148999048,00,01,01,2.5 Usos del predio,3. Comercial
0075,BO203002001,01,01,02,2.5 Usos del predio,6. Institucional
0076,BO148999008,08,01,01,2.5 Usos del predio,7. Vivienda
0077,BO148999024,24,01,01,2.5 Usos del predio,7. Vivienda
0079,BO148999043,43,01,01,2.5 Usos del predio,7. Vivienda
0080,BO148999009,09,01,01,2.5 Usos del predio,7. Vivienda
0081,BO148999041,41,01,01,2.5 Usos del predio,7. Vivienda
0082,BO148999017,17,01,01,2.5 Usos del predio,7. Vivienda
0083,BO148999038,38,01,01,2.5 Usos del predio,7. Vivienda
0084,BO148999006,06,01,01,2.5 Usos del predio,2. Pecuario
0086,BO148999051,51,01,01,2.5 Usos del predio,7. Vivienda
0087,BO148999037,37,01,01,2.5 Usos del predio,7. Vivienda
0088,bo148999004,04,01,01,2.5 Usos del predio,7. Vivienda
0089,BO148999007,07,01,01,2.5 Usos del predio,7. Vivienda
0092,BO148999002,02,01,01,2.5 Usos del predio,7. Vivienda
0094,BO148999013,00,01,01,2.5 Usos del predio,7. Vivienda
0095,BO148999050,50,01,01,2.5 Usos del predio,7. Vivienda
0096,BO148999040,40,01,01,2.5 Usos del predio,7. Vivienda
0097,BO148999023,23,01,01,2.5 Usos del predio,7. Vivienda
0098,BO148999014,00,01,01,2.5 Usos del predio,7. Vivienda
0099,BO148999042,42,01,01,2.5 Usos del predio,7. Vivienda
0100,BO148999026,26,01,01,2.5 Usos del predio,7. Vivienda
0101,CO600967001,01,01,01,2.5 Usos del predio,7. Vivienda
0102,CO500529003,03,01,01,2.5 Usos del predio,7. Vivienda
0103,CO600990004,04,01,01,2.5 Usos del predio,7. Vivienda
0104,CO600532005,05,01,01,2.5 Usos del predio,7. Vivienda
0105,CO600990003,03,01,01,2.5 Usos del predio,7. Vivienda
0106,CO600990005,05,01,01,2.5 Usos del predio,1. Agrícola
0106,CO600990005,05,01,01,2.5 Usos del predio,7. Vivienda
0107,CO600990001,01,01,01,2.5 Usos del predio,7. Vivienda
0108,CO600954000,00,01,01,2.5 Usos del predio,10.Ninguno
0109,CO600941000,00,03,01,2.5 Usos del predio,7. Vivienda
0110,CO600965002,02,01,01,2.5 Usos del predio,7. Vivienda
0111,CO600967002,02,01,01,2.5 Usos del predio,7. Vivienda
0112,CO600984000,00,01,01,2.5 Usos del predio,10.Ninguno
0113,CO600990006,06,01,01,2.5 Usos del predio,7. Vivienda
0114,CO600996000,00,01,02,2.5 Usos del predio,7. Vivienda
0115,CO600946000,00,00,00,2.5 Usos del predio,10.Ninguno
0116,CO600532025,25,01,01,2.5 Usos del predio,7. Vivienda
0117,CO600970000,00,01,01,2.5 Usos del predio,10.Ninguno
0118,CO600958000,00,01,01,2.5 Usos del predio,7. Vivienda
0119,CO600990002,00,01,01,2.5 Usos del predio,7. Vivienda
0120,CO600974000,00,01,01,2.5 Usos del predio,7. Vivienda
0121,CO600532002,02,02,01,2.5 Usos del predio,7. Vivienda
0122,CO600990008,08,01,01,2.5 Usos del predio,7. Vivienda
0123,CO600941000,01,01,01,2.5 Usos del predio,3. Comercial
0124,CO600946000,00,01,00,2.5 Usos del predio,2. Pecuario
0125,CO600985000,00,01,01,2.5 Usos del predio,7. Vivienda
0126,CO600980000,00,01,01,2.5 Usos del predio,7. Vivienda
0127,CO600953000,00,01,01,2.5 Usos del predio,3. Comercial
0127,CO600953000,00,01,01,2.5 Usos del predio,7. Vivienda
0128,CO600994002,02,01,01,2.5 Usos del predio,10.Ninguno
0130,CO600990007,07,00,00,2.5 Usos del predio,2. Pecuario
0131,CO600939000,00,11,01,2.5 Usos del predio,2. Pecuario
0131,CO600939000,00,11,01,2.5 Usos del predio,8. Turismo y recreación
0132,CO600969000,00,01,01,2.5 Usos del predio,7. Vivienda
0133,CO600964000,00,11,11,2.5 Usos del predio,7. Vivienda
0134,CO600532003,03,01,01,2.5 Usos del predio,7. Vivienda
0136,CO600532001,01,01,01,2.5 Usos del predio,2. Pecuario
0136,CO600532001,01,01,01,2.5 Usos del predio,3. Comercial
0136,CO600532001,01,01,01,2.5 Usos del predio,7. Vivienda
0137,CO600996001,01,01,01,2.5 Usos del predio,7. Vivienda
0138,CO600938002,02,01,01,2.5 Usos del predio,1. Agrícola
0138,CO600938002,02,01,01,2.5 Usos del predio,7. Vivienda
0139,CO600994001,01,01,01,2.5 Usos del predio,7. Vivienda
0140,CO600996000,00,01,01,2.5 Usos del predio,7. Vivienda
0141,CO600994003,03,01,01,2.5 Usos del predio,7. Vivienda
0142,CO600966002,02,01,01,2.5 Usos del predio,7. Vivienda
0143,CO600988000,00,01,01,2.5 Usos del predio,2. Pecuario
0143,CO600988000,00,01,01,2.5 Usos del predio,7. Vivienda
0144,CO600987000,00,01,01,2.5 Usos del predio,7. Vivienda
0145,CO600990009,09,01,01,2.5 Usos del predio,10.Ninguno
0146,CO600983000,00,01,01,2.5 Usos del predio,1. Agrícola
0147,CO600532009,09,01,01,2.5 Usos del predio,7. Vivienda
0148,CO600949000,00,01,00,2.5 Usos del predio,8. Turismo y recreación
0149,CO600965001,00,01,01,2.5 Usos del predio,10.Ninguno
0150,CO700562000,09,01,01,2.5 Usos del predio,3. Comercial
0151,CO600966001,01,01,01,2.5 Usos del predio,7. Vivienda
0152,CO600532004,04,01,01,2.5 Usos del predio,7. Vivienda
0153,CO600532007,07,01,01,2.5 Usos del predio,7. Vivienda
0155,CO600975000,00,01,01,2.5 Usos del predio,7. Vivienda
0156,CO600991005,05,01,01,2.5 Usos del predio,7. Vivienda
0157,CO600956000,00,01,00,2.5 Usos del predio,7. Vivienda
0158,CO600991008,03,01,01,2.5 Usos del predio,7. Vivienda
0159,CO600532012,12,01,00,2.5 Usos del predio,8. Turismo y recreación
0160,CO600991007,07,01,01,2.5 Usos del predio,7. Vivienda
0161,CO600532008,08,01,01,2.5 Usos del predio,7. Vivienda
0162,CO600991001,01,01,00,2.5 Usos del predio,7. Vivienda
0163,CO600532010,00,01,01,2.5 Usos del predio,3. Comercial
0164,CO600532011,00,01,01,2.5 Usos del predio,8. Turismo y recreación
0165,CO600539001,01,01,01,2.5 Usos del predio,7. Vivienda
0166,FR300214002,02,01,01,2.5 Usos del predio,10.Ninguno
0167,FR300224013,13,01,02,2.5 Usos del predio,7. Vivienda
0168,FR300224024,24,02,01,2.5 Usos del predio,7. Vivienda
0169,FR300224069,69,01,01,2.5 Usos del predio,7. Vivienda
0170,FR300214001,01,01,01,2.5 Usos del predio,7. Vivienda
0171,PE304006000,00,02,01,2.5 Usos del predio,7. Vivienda
0172,FR300214003,03,01,01,2.5 Usos del predio,7. Vivienda
0173,FR300214006,06,01,01,2.5 Usos del predio,3. Comercial
0173,FR300214006,06,01,01,2.5 Usos del predio,7. Vivienda
0176,FR300214005,05,01,01,2.5 Usos del predio,7. Vivienda
0177,FR300214008,08,01,01,2.5 Usos del predio,7. Vivienda
0178,FR300214004,04,01,01,2.5 Usos del predio,7. Vivienda
0179,FR300224089,89,01,01,2.5 Usos del predio,7. Vivienda
0180,FR300224011,11,01,01,2.5 Usos del predio,7. Vivienda
0181,FR300214007,07,01,01,2.5 Usos del predio,7. Vivienda
0182,FR300214007,07,01,02,2.5 Usos del predio,7. Vivienda
0183,FR300214001,01,01,02,2.5 Usos del predio,7. Vivienda
0184,FR300224033,33,01,01,2.5 Usos del predio,7. Vivienda
0185,FR300224065,65,01,01,2.5 Usos del predio,7. Vivienda
0186,FR300224089,89,01,01,2.5 Usos del predio,10.Ninguno
0187,FR300224099,99,01,01,2.5 Usos del predio,10.Ninguno
0188,FR300225004,04,01,01,2.5 Usos del predio,10.Ninguno
0189,FR300223008,08,01,01,2.5 Usos del predio,7. Vivienda
0190,FR300282002,02,01,02,2.5 Usos del predio,7. Vivienda
0191,FR300214000,00,01,01,2.5 Usos del predio,3. Comercial
0192,FR300224012,12,01,01,2.5 Usos del predio,7. Vivienda
0193,FR300223008,08,01,02,2.5 Usos del predio,7. Vivienda
0194,FR300223010,10,01,02,2.5 Usos del predio,8. Turismo y recreación
0195,FR300210002,02,01,01,2.5 Usos del predio,7. Vivienda
0197,FR300279000,00,01,01,2.5 Usos del predio,10.Ninguno
0198,FR300280000,00,01,01,2.5 Usos del predio,10.Ninguno
0199,FR300220000,00,01,02,2.5 Usos del predio,7. Vivienda
0201,FR300223003,03,01,01,2.5 Usos del predio,7. Vivienda
0205,FR300242003,03,03,01,2.5 Usos del predio,7. Vivienda
0207,FR300242003,03,04,01,2.5 Usos del predio,7. Vivienda
0208,FR300242003,03,10,01,2.5 Usos del predio,7. Vivienda
0209,FR300242002,02,01,01,2.5 Usos del predio,7. Vivienda
0210,FR300223009,09,01,01,2.5 Usos del predio,7. Vivienda
0211,FR300223012,12,01,01,2.5 Usos del predio,7. Vivienda
0212,FR300242001,01,01,01,2.5 Usos del predio,1. Agrícola
0212,FR300242001,01,01,01,2.5 Usos del predio,2. Pecuario
0212,FR300242001,01,01,01,2.5 Usos del predio,7. Vivienda
0213,FR300242003,03,08,01,2.5 Usos del predio,7. Vivienda
0214,FR300242003,03,07,01,2.5 Usos del predio,7. Vivienda
0215,FR300223013,13,13,01,2.5 Usos del predio,7. Vivienda
0217,FR300101000,00,01,01,2.5 Usos del predio,2. Pecuario
0217,FR300101000,00,01,01,2.5 Usos del predio,8. Turismo y recreación
0218,FR300242003,03,11,01,2.5 Usos del predio,6. Institucional
0218,FR300242003,03,11,01,2.5 Usos del predio,7. Vivienda
0219,FR300222001,01,01,01,2.5 Usos del predio,10.Ninguno
0220,FR300222003,03,01,01,2.5 Usos del predio,4. Servicios
0221,FR300242003,03,06,01,2.5 Usos del predio,7. Vivienda
0222,FR300242003,03,06,02,2.5 Usos del predio,7. Vivienda
0223,FR300223017,17,01,01,2.5 Usos del predio,7. Vivienda
0224,FR300242003,03,12,01,2.5 Usos del predio,7. Vivienda
0225,FR300223018,18,01,01,2.5 Usos del predio,7. Vivienda
0226,FR300224003,04,01,01,2.5 Usos del predio,7. Vivienda
0227,FR300242003,05,05,01,2.5 Usos del predio,7. Vivienda
0228,FR300242003,00,15,01,2.5 Usos del predio,7. Vivienda
0229,FR300242003,03,09,01,2.5 Usos del predio,7. Vivienda
0230,FR300223004,04,01,01,2.5 Usos del predio,7. Vivienda
0231,FR300242003,03,07,02,2.5 Usos del predio,7. Vivienda
0232,FR300224050,50,01,01,2.5 Usos del predio,7. Vivienda
0233,FR300224006,07,01,01,2.5 Usos del predio,7. Vivienda
0235,FR300224029,29,01,01,2.5 Usos del predio,7. Vivienda
0236,PE300224029,29,01,02,2.5 Usos del predio,7. Vivienda
0237,FR300224036,36,01,01,2.5 Usos del predio,10.Ninguno
0238,FR300224010,10,01,01,2.5 Usos del predio,10.Ninguno
0241,FR300224006,06,01,01,2.5 Usos del predio,7. Vivienda
0242,FR300224019,19,01,01,2.5 Usos del predio,4. Servicios
0242,FR300224019,19,01,01,2.5 Usos del predio,7. Vivienda
0243,FR300224030,30,01,01,2.5 Usos del predio,7. Vivienda
0244,FR300224018,18,01,01,2.5 Usos del predio,7. Vivienda
0245,FR300224055,55,01,01,2.5 Usos del predio,7. Vivienda
0246,FR300224010,10,01,01,2.5 Usos del predio,7. Vivienda
0247,FR300224027,27,01,01,2.5 Usos del predio,7. Vivienda
0248,FR300224040,40,01,01,2.5 Usos del predio,7. Vivienda
0249,FR300224063,63,01,01,2.5 Usos del predio,7. Vivienda
0250,FR300224061,61,01,01,2.5 Usos del predio,10.Ninguno
0251,FR300224017,17,01,01,2.5 Usos del predio,7. Vivienda
0252,FR300224026,26,01,01,2.5 Usos del predio,7. Vivienda
0253,FR300224039,39,01,01,2.5 Usos del predio,7. Vivienda
0254,FR300224001,01,01,02,2.5 Usos del predio,10.Ninguno
0255,FR300224028,28,01,01,2.5 Usos del predio,10.Ninguno
0256,FR300224049,49,01,01,2.5 Usos del predio,10.Ninguno
0257,FR300224058,58,01,01,2.5 Usos del predio,10.Ninguno
0258,FR300224002,02,01,01,2.5 Usos del predio,1. Agrícola
0259,FR300224021,21,01,01,2.5 Usos del predio,7. Vivienda
0260,FR300224067,67,01,01,2.5 Usos del predio,7. Vivienda
0261,PE102004000,00,01,01,2.5 Usos del predio,3. Comercial
0261,PE102004000,00,01,01,2.5 Usos del predio,7. Vivienda
0262,PE304019001,01,01,01,2.5 Usos del predio,7. Vivienda
0263,FR300224103,03,01,01,2.5 Usos del predio,7. Vivienda
0264,FR300225003,03,01,01,2.5 Usos del predio,7. Vivienda
0265,FR300225010,10,01,01,2.5 Usos del predio,7. Vivienda
0266,FR300224046,46,01,01,2.5 Usos del predio,7. Vivienda
0267,FR300224048,48,01,01,2.5 Usos del predio,7. Vivienda
0268,PE405015002,02,01,01,2.5 Usos del predio,7. Vivienda
0269,FR300224045,45,01,01,2.5 Usos del predio,7. Vivienda
0270,FR300224070,70,01,01,2.5 Usos del predio,7. Vivienda
0272,FR300224044,44,01,02,2.5 Usos del predio,7. Vivienda
0273,FR300224043,43,01,01,2.5 Usos del predio,7. Vivienda
0274,FR300224068,68,01,01,2.5 Usos del predio,7. Vivienda
0275,FR300224052,52,01,01,2.5 Usos del predio,1. Agrícola
0275,FR300224052,52,01,01,2.5 Usos del predio,7. Vivienda
0276,FR300224087,87,01,01,2.5 Usos del predio,7. Vivienda
0277,FR300223002,02,01,01,2.5 Usos del predio,7. Vivienda
0278,FR300224098,98,01,01,2.5 Usos del predio,7. Vivienda
0279,FR300225006,06,01,01,2.5 Usos del predio,7. Vivienda
0280,FR300225007,07,01,02,2.5 Usos del predio,7. Vivienda
0281,FR300223006,06,06,01,2.5 Usos del predio,7. Vivienda
0282,FR300223005,05,01,01,2.5 Usos del predio,10.Ninguno
0283,FR300222002,02,01,01,2.5 Usos del predio,10.Ninguno
0284,FR300223010,10,01,01,2.5 Usos del predio,7. Vivienda
0285,FR300223020,20,01,01,2.5 Usos del predio,7. Vivienda
0286,FR300242003,03,11,02,2.5 Usos del predio,10.Ninguno
0287,FR300224051,51,01,01,2.5 Usos del predio,7. Vivienda
0288,FR300220000,00,01,01,2.5 Usos del predio,7. Vivienda
0289,FR300223007,07,01,01,2.5 Usos del predio,7. Vivienda
0290,FR300272000,00,01,01,2.5 Usos del predio,8. Turismo y recreación
0291,FR300223011,11,01,01,2.5 Usos del predio,10.Ninguno
0292,FR300224001,01,01,01,2.5 Usos del predio,7. Vivienda
0293,FR300224004,04,01,01,2.5 Usos del predio,7. Vivienda
0294,FR300224004,04,01,02,2.5 Usos del predio,7. Vivienda
0295,FR300224041,41,01,01,2.5 Usos del predio,7. Vivienda
0296,FR300224072,72,01,03,2.5 Usos del predio,7. Vivienda
0297,FR300224037,37,01,01,2.5 Usos del predio,7. Vivienda
0298,FR300224077,77,01,01,2.5 Usos del predio,7. Vivienda
0299,FR300224104,04,01,01,2.5 Usos del predio,7. Vivienda
0300,FR300224057,57,01,01,2.5 Usos del predio,7. Vivienda
0301,FR300282002,02,01,01,2.5 Usos del predio,1. Agrícola
0301,FR300282002,02,01,01,2.5 Usos del predio,7. Vivienda
0302,FR300282001,00,01,01,2.5 Usos del predio,7. Vivienda
0303,FR300281001,01,01,01,2.5 Usos del predio,7. Vivienda
0304,FR300281003,03,01,01,2.5 Usos del predio,7. Vivienda
0305,FR300224044,44,01,01,2.5 Usos del predio,7. Vivienda
0306,FR300281003,03,01,02,2.5 Usos del predio,7. Vivienda
0307,FR300223021,21,01,01,2.5 Usos del predio,1. Agrícola
0307,FR300223021,21,01,01,2.5 Usos del predio,7. Vivienda
0308,FR300224022,22,01,01,2.5 Usos del predio,7. Vivienda
0309,FR300210001,01,01,01,2.5 Usos del predio,7. Vivienda
0310,FR300223019,19,01,01,2.5 Usos del predio,7. Vivienda
0311,FR300224020,20,01,01,2.5 Usos del predio,7. Vivienda
0312,FR300224072,72,01,01,2.5 Usos del predio,1. Agrícola
0312,FR300224072,72,01,01,2.5 Usos del predio,7. Vivienda
0313,PE300224032,32,01,01,2.5 Usos del predio,7. Vivienda
0314,FR300224097,97,01,01,2.5 Usos del predio,7. Vivienda
0315,FR300224016,16,01,02,2.5 Usos del predio,7. Vivienda
0316,FR300224034,34,01,01,2.5 Usos del predio,7. Vivienda
0317,FR300224016,16,01,02,2.5 Usos del predio,7. Vivienda
0318,FR300224035,35,01,01,2.5 Usos del predio,3. Comercial
0318,FR300224035,35,01,01,2.5 Usos del predio,7. Vivienda
0319,FR300224054,54,01,01,2.5 Usos del predio,7. Vivienda
0320,FR300224059,59,01,01,2.5 Usos del predio,7. Vivienda
0321,FR300224073,73,01,01,2.5 Usos del predio,7. Vivienda
0322,FR300224056,56,01,01,2.5 Usos del predio,7. Vivienda
0323,FR300224071,71,01,01,2.5 Usos del predio,7. Vivienda
0324,FR300224106,06,01,01,2.5 Usos del predio,7. Vivienda
0325,FR300224091,91,01,01,2.5 Usos del predio,7. Vivienda
0326,FR300224094,94,01,01,2.5 Usos del predio,7. Vivienda
0327,FR300224075,75,01,01,2.5 Usos del predio,7. Vivienda
0330,CO600539004,04,01,01,2.5 Usos del predio,1. Agrícola
0330,CO600539004,04,01,01,2.5 Usos del predio,3. Comercial
0330,CO600539004,04,01,01,2.5 Usos del predio,7. Vivienda
0331,CO600539005,05,01,01,2.5 Usos del predio,1. Agrícola
0331,CO600539005,05,01,01,2.5 Usos del predio,7. Vivienda
0334,CO600532028,28,01,01,2.5 Usos del predio,1. Agrícola
0334,CO600532028,28,01,01,2.5 Usos del predio,7. Vivienda
0335,CO600532020,20,01,01,2.5 Usos del predio,7. Vivienda
0336,CO600532024,24,01,01,2.5 Usos del predio,7. Vivienda
0337,CO600539002,02,00,00,2.5 Usos del predio,10.Ninguno
0338,CO700550004,00,01,02,2.5 Usos del predio,7. Vivienda
0339,CO500528002,02,01,01,2.5 Usos del predio,7. Vivienda
0340,CO700550004,00,05,02,2.5 Usos del predio,7. Vivienda
0341,CO500529002,00,01,02,2.5 Usos del predio,7. Vivienda
0342,CO500527002,02,01,01,2.5 Usos del predio,7. Vivienda
0345,CO600982000,00,01,00,2.5 Usos del predio,8. Turismo y recreación
0346,CO500525012,12,01,01,2.5 Usos del predio,1. Agrícola
0346,CO500525012,12,01,01,2.5 Usos del predio,7. Vivienda
0347,CO700561000,07,01,01,2.5 Usos del predio,7. Vivienda
0349,CO700550004,00,05,01,2.5 Usos del predio,7. Vivienda
0350,FR300225009,09,01,01,2.5 Usos del predio,7. Vivienda
0351,CO500527018,18,13,01,2.5 Usos del predio,1. Agrícola
0351,CO500527018,18,13,01,2.5 Usos del predio,7. Vivienda
0354,CO700550004,00,04,01,2.5 Usos del predio,7. Vivienda
0355,CO500529001,01,01,01,2.5 Usos del predio,1. Agrícola
0355,CO500529001,01,01,01,2.5 Usos del predio,2. Pecuario
0355,CO500529001,01,01,01,2.5 Usos del predio,7. Vivienda
0356,CO600992000,00,01,00,2.5 Usos del predio,8. Turismo y recreación
0358,CO600532013,13,01,01,2.5 Usos del predio,7. Vivienda
0359,CO500529002,00,01,02,2.5 Usos del predio,7. Vivienda
0361,CO600532023,23,01,01,2.5 Usos del predio,1. Agrícola
0361,CO600532023,23,01,01,2.5 Usos del predio,7. Vivienda
0362,CO600532019,19,01,01,2.5 Usos del predio,7. Vivienda
0363,CO600532029,29,02,02,2.5 Usos del predio,10.Ninguno
0364,CO600532015,15,01,01,2.5 Usos del predio,7. Vivienda
0365,CO600532016,01,01,01,2.5 Usos del predio,7. Vivienda
0366,CO700550004,00,02,03,2.5 Usos del predio,2. Pecuario
0366,CO700550004,00,02,03,2.5 Usos del predio,7. Vivienda
0367,CO700553000,01,01,01,2.5 Usos del predio,7. Vivienda
0368,CO600532027,27,01,01,2.5 Usos del predio,1. Agrícola
0368,CO600532027,27,01,01,2.5 Usos del predio,7. Vivienda
0369,CO500529002,00,01,01,2.5 Usos del predio,7. Vivienda
0370,CO600532018,18,01,01,2.5 Usos del predio,7. Vivienda
0371,CO600532017,17,01,00,2.5 Usos del predio,8. Turismo y recreación
0372,CO500525005,05,01,01,2.5 Usos del predio,2. Pecuario
0372,CO500525005,05,01,01,2.5 Usos del predio,7. Vivienda
0373,CO500527018,18,23,00,2.5 Usos del predio,7. Vivienda
0374,CO500527018,18,33,00,2.5 Usos del predio,7. Vivienda
0375,CO300518001,01,01,01,2.5 Usos del predio,1. Agrícola
0375,CO300518001,01,01,01,2.5 Usos del predio,2. Pecuario
0375,CO300518001,01,01,01,2.5 Usos del predio,7. Vivienda
0376,CO600991004,04,01,01,2.5 Usos del predio,7. Vivienda
0377,CO600991003,03,01,01,2.5 Usos del predio,7. Vivienda
0379,BE100062034,34,01,01,2.5 Usos del predio,7. Vivienda
0380,CO500525007,07,01,01,2.5 Usos del predio,7. Vivienda
0381,BO338009000,00,01,01,2.5 Usos del predio,7. Vivienda
0382,BO407001000,00,01,01,2.5 Usos del predio,3. Comercial
0382,BO407001000,00,01,01,2.5 Usos del predio,6. Institucional
0383,BO407001000,00,02,01,2.5 Usos del predio,7. Vivienda
0384,BO407014000,00,01,01,2.5 Usos del predio,7. Vivienda
0385,BO407011000,00,01,01,2.5 Usos del predio,7. Vivienda
0386,BO407009000,00,01,01,2.5 Usos del predio,7. Vivienda
0389,BO407017000,00,01,05,2.5 Usos del predio,7. Vivienda
0390,BO407017000,00,06,01,2.5 Usos del predio,7. Vivienda
0391,BO338010000,00,01,01,2.5 Usos del predio,7. Vivienda
0392,BO407013000,00,01,01,2.5 Usos del predio,7. Vivienda
0393,BO338008000,00,00,00,2.5 Usos del predio,3. Comercial
0394,BO407013000,00,01,02,2.5 Usos del predio,7. Vivienda
0395,BO407014000,00,01,01,2.5 Usos del predio,7. Vivienda
0396,BO410001000,00,00,00,2.5 Usos del predio,4. Servicios
0397,BO407004000,00,01,01,2.5 Usos del predio,7. Vivienda
0398,BO407003000,00,01,01,2.5 Usos del predio,7. Vivienda
0400,BO338009000,00,01,01,2.5 Usos del predio,7. Vivienda
0401,BO338009000,00,02,02,2.5 Usos del predio,7. Vivienda
0402,BO410001000,00,01,01,2.5 Usos del predio,7. Vivienda
0403,BO410001000,00,00,00,2.5 Usos del predio,3. Comercial
0404,BO338009000,00,00,00,2.5 Usos del predio,3. Comercial
0405,BO148999033,33,01,01,2.5 Usos del predio,7. Vivienda
0406,BO148999036,00,01,01,2.5 Usos del predio,7. Vivienda
0407,BO148999003,03,01,01,2.5 Usos del predio,2. Pecuario
0407,BO148999003,03,01,01,2.5 Usos del predio,7. Vivienda
0409,BO148999027,21,01,01,2.5 Usos del predio,3. Comercial
0409,BO148999027,21,01,01,2.5 Usos del predio,7. Vivienda
0410,BO148999032,32,01,01,2.5 Usos del predio,7. Vivienda
0412,BO206007000,00,01,01,2.5 Usos del predio,7. Vivienda
0413,BO201001012,10,01,01,2.5 Usos del predio,7. Vivienda
0414,BO148999022,22,01,01,2.5 Usos del predio,7. Vivienda
0416,BO148999044,44,01,01,2.5 Usos del predio,7. Vivienda
0417,BO148999052,52,01,01,2.5 Usos del predio,7. Vivienda
0418,BO201001006,06,01,01,2.5 Usos del predio,7. Vivienda
0419,BO148999020,20,01,01,2.5 Usos del predio,7. Vivienda
0420,BO148999028,28,01,01,2.5 Usos del predio,3. Comercial
0420,BO148999028,28,01,01,2.5 Usos del predio,7. Vivienda
0423,BO148999046,46,01,01,2.5 Usos del predio,7. Vivienda
0424,BO148999046,46,01,02,2.5 Usos del predio,7. Vivienda
0425,BO201001000,00,01,01,2.5 Usos del predio,7. Vivienda
0426,BO148999054,54,01,01,2.5 Usos del predio,5. Industrial
0427,BO148999053,53,01,01,2.5 Usos del predio,7. Vivienda
0428,BO148999076,76,01,01,2.5 Usos del predio,8. Turismo y recreación
0429,BO148999025,25,01,01,2.5 Usos del predio,3. Comercial
0429,BO148999025,25,01,01,2.5 Usos del predio,7. Vivienda
0430,BO643025000,00,01,01,2.5 Usos del predio,7. Vivienda
0431,BO642019000,00,01,01,2.5 Usos del predio,7. Vivienda
0432,BO642011000,00,01,01,2.5 Usos del predio,2. Pecuario
0432,BO642011000,00,01,01,2.5 Usos del predio,7. Vivienda
0433,BO642014000,00,01,01,2.5 Usos del predio,7. Vivienda
0434,BO643008000,00,01,01,2.5 Usos del predio,7. Vivienda
0435,BO643004000,00,01,01,2.5 Usos del predio,7. Vivienda
0436,BO642010000,00,01,01,2.5 Usos del predio,7. Vivienda
0437,BO643011000,00,01,01,2.5 Usos del predio,7. Vivienda
0438,BO643018000,00,01,01,2.5 Usos del predio,7. Vivienda
0439,BO643018000,00,02,01,2.5 Usos del predio,7. Vivienda
0440,BO642015000,00,01,01,2.5 Usos del predio,7. Vivienda
0441,BO642005000,00,01,01,2.5 Usos del predio,7. Vivienda
0442,BO643016000,00,01,00,2.5 Usos del predio,3. Comercial
0444,BO639052005,05,01,01,2.5 Usos del predio,7. Vivienda
0446,BO639052004,04,02,01,2.5 Usos del predio,7. Vivienda
0447,BO643017000,00,01,01,2.5 Usos del predio,7. Vivienda
0448,BO639052008,08,02,02,2.5 Usos del predio,7. Vivienda
0449,BO641005000,00,02,01,2.5 Usos del predio,7. Vivienda
0450,BO639052000,00,01,01,2.5 Usos del predio,7. Vivienda
0451,BO148999011,11,01,01,2.5 Usos del predio,7. Vivienda
0453,BO148999018,18,01,01,2.5 Usos del predio,7. Vivienda
0454,BO201001003,03,01,01,2.5 Usos del predio,7. Vivienda
0455,BO201001010,10,01,01,2.5 Usos del predio,7. Vivienda
0456,BO639042000,00,01,01,2.5 Usos del predio,7. Vivienda
0457,BO639012000,00,01,01,2.5 Usos del predio,7. Vivienda
0458,BI639046000,00,01,01,2.5 Usos del predio,3. Comercial
0458,BI639046000,00,01,01,2.5 Usos del predio,7. Vivienda
0459,BO639052000,03,01,01,2.5 Usos del predio,7. Vivienda
0461,BO639052001,01,01,01,2.5 Usos del predio,7. Vivienda
0462,BO639047000,00,01,01,2.5 Usos del predio,7. Vivienda
0464,BO622004000,00,03,01,2.5 Usos del predio,7. Vivienda
0465,BO639022000,00,02,01,2.5 Usos del predio,7. Vivienda
0466,BO410001000,00,08,01,2.5 Usos del predio,7. Vivienda
0470,BO408001006,06,00,00,2.5 Usos del predio,3. Comercial
0472,BO201001011,11,01,01,2.5 Usos del predio,7. Vivienda
0473,BO201001004,04,01,01,2.5 Usos del predio,7. Vivienda
0474,BO201001007,07,01,01,2.5 Usos del predio,7. Vivienda
0475,BO206003002,02,01,01,2.5 Usos del predio,7. Vivienda
0476,BO148999049,49,01,01,2.5 Usos del predio,7. Vivienda
0477,BO148999069,69,01,01,2.5 Usos del predio,7. Vivienda
0479,BO148999070,70,01,01,2.5 Usos del predio,7. Vivienda
0480,BO148999070,70,01,03,2.5 Usos del predio,10.Ninguno
0481,bo148999047,17,01,01,2.5 Usos del predio,7. Vivienda
0482,BO148999063,63,01,01,2.5 Usos del predio,3. Comercial
0482,BO148999063,63,01,01,2.5 Usos del predio,7. Vivienda
0483,BO203003004,04,01,01,2.5 Usos del predio,7. Vivienda
0484,BO148999073,73,01,01,2.5 Usos del predio,7. Vivienda
0485,BO148999078,78,01,01,2.5 Usos del predio,7. Vivienda
0486,BO148999064,64,01,01,2.5 Usos del predio,7. Vivienda
0487,BO338007000,00,01,00,2.5 Usos del predio,4. Servicios
0488,BO410001000,00,00,00,2.5 Usos del predio,4. Servicios
0489,BO338009000,00,00,00,2.5 Usos del predio,3. Comercial
0490,BO338007000,00,00,00,2.5 Usos del predio,5. Industrial
0491,BO338009000,00,00,00,2.5 Usos del predio,7. Vivienda
0495,BO407007000,00,02,01,2.5 Usos del predio,7. Vivienda
0496,BO520004002,02,01,01,2.5 Usos del predio,7. Vivienda
0497,BO639032000,00,01,01,2.5 Usos del predio,7. Vivienda
0498,BO639035000,00,01,01,2.5 Usos del predio,7. Vivienda
0499,BO639020000,00,01,01,2.5 Usos del predio,7. Vivienda
0500,BO639012000,00,01,01,2.5 Usos del predio,7. Vivienda
0501,BO639033000,00,01,01,2.5 Usos del predio,7. Vivienda
0502,BO639023000,00,01,01,2.5 Usos del predio,7. Vivienda
0503,BO639040000,00,01,01,2.5 Usos del predio,7. Vivienda
0505,BO622015000,00,00,00,2.5 Usos del predio,3. Comercial
0506,BO622005000,00,03,00,2.5 Usos del predio,3. Comercial
0507,BO338009000,00,00,00,2.5 Usos del predio,3. Comercial
0508,BO639038000,00,01,01,2.5 Usos del predio,7. Vivienda
0509,BO693038000,00,01,01,2.5 Usos del predio,7. Vivienda
0511,BO639025000,00,01,01,2.5 Usos del predio,7. Vivienda
0512,BO642001000,00,01,01,2.5 Usos del predio,7. Vivienda
0514,BO622003000,00,01,01,2.5 Usos del predio,7. Vivienda
0515,BO639029000,00,01,01,2.5 Usos del predio,7. Vivienda
0516,BO639016000,00,01,01,2.5 Usos del predio,7. Vivienda
0518,BO639017000,00,01,01,2.5 Usos del predio,7. Vivienda
0521,BO639037000,00,01,01,2.5 Usos del predio,3. Comercial
0521,BO639037000,00,01,01,2.5 Usos del predio,7. Vivienda
0522,BO612005000,00,00,00,2.5 Usos del predio,4. Servicios
0523,BO639021000,00,01,01,2.5 Usos del predio,7. Vivienda
0524,BO639063000,00,01,02,2.5 Usos del predio,7. Vivienda
0525,BO639041000,00,01,01,2.5 Usos del predio,7. Vivienda
0526,PE203023000,00,01,01,2.5 Usos del predio,7. Vivienda
0527,FR300224097,97,01,02,2.5 Usos del predio,7. Vivienda
0528,FR300224076,76,01,01,2.5 Usos del predio,7. Vivienda
0529,FR300224100,10,01,01,2.5 Usos del predio,7. Vivienda
0530,FR300224101,01,01,01,2.5 Usos del predio,7. Vivienda
0531,FR300224113,13,01,01,2.5 Usos del predio,1. Agrícola
0531,FR300224113,13,01,01,2.5 Usos del predio,7. Vivienda
0532,FR300224083,83,01,01,2.5 Usos del predio,10.Ninguno
0533,FR300224096,96,01,01,2.5 Usos del predio,10.Ninguno
0534,FR300224101,01,01,02,2.5 Usos del predio,7. Vivienda
0535,FR300225002,02,01,01,2.5 Usos del predio,7. Vivienda
0536,FR300224083,83,01,01,2.5 Usos del predio,1. Agrícola
0536,FR300224083,83,01,01,2.5 Usos del predio,2. Pecuario
0536,FR300224083,83,01,01,2.5 Usos del predio,7. Vivienda
0537,FR300224090,90,01,01,2.5 Usos del predio,7. Vivienda
0538,FR300224109,09,01,01,2.5 Usos del predio,1. Agrícola
0538,FR300224109,09,01,01,2.5 Usos del predio,2. Pecuario
0538,FR300224109,09,01,01,2.5 Usos del predio,7. Vivienda
0540,FR300224094,94,01,02,2.5 Usos del predio,8. Turismo y recreación
0541,FR300224080,80,01,01,2.5 Usos del predio,7. Vivienda
0542,FR300224105,05,01,01,2.5 Usos del predio,7. Vivienda
0543,FR300225002,02,01,02,2.5 Usos del predio,7. Vivienda
0544,FR300225011,11,01,01,2.5 Usos del predio,7. Vivienda
0545,FR300334084,84,01,01,2.5 Usos del predio,7. Vivienda
0546,FR300224093,93,01,01,2.5 Usos del predio,7. Vivienda
0547,FR300224102,02,01,01,2.5 Usos del predio,7. Vivienda
0548,BO516001000,06,00,00,2.5 Usos del predio,3. Comercial
0548,BO516001000,06,00,00,2.5 Usos del predio,4. Servicios
0550,BO407013000,00,02,01,2.5 Usos del predio,7. Vivienda
0551,BO338013000,00,01,01,2.5 Usos del predio,3. Comercial
0552,BO407013000,00,02,01,2.5 Usos del predio,7. Vivienda
0553,BO410002000,00,01,01,2.5 Usos del predio,7. Vivienda
0554,BO639052005,00,02,01,2.5 Usos del predio,7. Vivienda
0555,BO639052000,02,01,01,2.5 Usos del predio,7. Vivienda
0556,BO148999055,55,01,01,2.5 Usos del predio,7. Vivienda
0557,BO148999054,54,01,02,2.5 Usos del predio,7. Vivienda
0558,BO639052000,00,01,01,2.5 Usos del predio,7. Vivienda
0559,BO639030000,00,01,01,2.5 Usos del predio,7. Vivienda
0560,BO520003008,08,01,01,2.5 Usos del predio,7. Vivienda
0561,BO639052000,00,02,01,2.5 Usos del predio,7. Vivienda
0562,BO639050000,00,01,01,2.5 Usos del predio,7. Vivienda
0563,BO639052000,00,01,01,2.5 Usos del predio,7. Vivienda
0564,BO148999057,57,01,01,2.5 Usos del predio,7. Vivienda
0565,BO148999065,65,01,01,2.5 Usos del predio,7. Vivienda
0567,BO148999070,70,01,02,2.5 Usos del predio,7. Vivienda
0568,BO201001008,08,01,01,2.5 Usos del predio,7. Vivienda
0569,BO148999058,58,01,01,2.5 Usos del predio,7. Vivienda
0570,BO148999066,66,01,01,2.5 Usos del predio,7. Vivienda
0571,BO148999075,75,01,01,2.5 Usos del predio,7. Vivienda
0572,BO201001002,02,01,01,2.5 Usos del predio,7. Vivienda
0573,BO201001001,01,01,01,2.5 Usos del predio,7. Vivienda
0574,BO148999059,59,01,01,2.5 Usos del predio,7. Vivienda
0575,BO148999077,77,01,01,2.5 Usos del predio,7. Vivienda
0576,BO148999039,39,01,02,2.5 Usos del predio,7. Vivienda
0577,BO410001000,00,05,01,2.5 Usos del predio,7. Vivienda
0578,BO148999045,45,01,01,2.5 Usos del predio,7. Vivienda
0579,BO148999072,72,01,01,2.5 Usos del predio,7. Vivienda
0580,BO410001000,00,00,00,2.5 Usos del predio,3. Comercial
0581,BO407016000,00,00,00,2.5 Usos del predio,10.Ninguno
0582,BO338000000,00,01,01,2.5 Usos del predio,7. Vivienda
0583,BO520003001,01,01,01,2.5 Usos del predio,7. Vivienda
0584,BO410002000,00,01,01,2.5 Usos del predio,3. Comercial
0584,BO410002000,00,01,01,2.5 Usos del predio,7. Vivienda
0585,BO410002000,02,00,00,2.5 Usos del predio,3. Comercial
0585,BO410002000,02,00,00,2.5 Usos del predio,4. Servicios
0586,BO410002000,01,00,00,2.5 Usos del predio,3. Comercial
0587,BO410002000,00,00,00,2.5 Usos del predio,3. Comercial
0589,BO639018000,00,01,01,2.5 Usos del predio,7. Vivienda
0590,BO639024000,00,01,01,2.5 Usos del predio,7. Vivienda
0591,BO408001002,02,00,00,2.5 Usos del predio,3. Comercial
0592,BO408001001,01,00,00,2.5 Usos del predio,3. Comercial
0594,BO419002000,00,01,01,2.5 Usos del predio,7. Vivienda
0595,BO520003009,09,01,01,2.5 Usos del predio,7. Vivienda
0596,BO520004006,06,01,01,2.5 Usos del predio,7. Vivienda
0599,BO408001003,03,00,00,2.5 Usos del predio,3. Comercial
0600,BO408001004,04,00,00,2.5 Usos del predio,3. Comercial
0601,FR300225001,01,01,01,2.5 Usos del predio,1. Agrícola
0601,FR300225001,01,01,01,2.5 Usos del predio,7. Vivienda
0602,FR300224074,74,01,01,2.5 Usos del predio,7. Vivienda
0603,FR300224114,14,01,01,2.5 Usos del predio,7. Vivienda
0604,FR300224013,13,01,01,2.5 Usos del predio,7. Vivienda
0605,FR300224018,18,01,01,2.5 Usos del predio,7. Vivienda
0607,FR300224079,79,01,01,2.5 Usos del predio,7. Vivienda
0608,FR300221005,00,01,00,2.5 Usos del predio,4. Servicios
0609,BO639029000,00,01,02,2.5 Usos del predio,10.Ninguno
0610,BO641004000,00,01,01,2.5 Usos del predio,10.Ninguno
0612,BO849042000,17,01,01,2.5 Usos del predio,7. Vivienda
0613,BO849042000,30,01,01,2.5 Usos del predio,7. Vivienda
0614,BO613002000,00,01,00,2.5 Usos del predio,3. Comercial
0616,BO612005000,08,00,00,2.5 Usos del predio,4. Servicios
0617,BO645005000,00,01,01,2.5 Usos del predio,7. Vivienda
0618,BO643009000,00,02,01,2.5 Usos del predio,7. Vivienda
0621,BO643020000,00,01,01,2.5 Usos del predio,7. Vivienda
0622,BO643009000,00,01,01,2.5 Usos del predio,7. Vivienda
0623,BO613007000,00,00,00,2.5 Usos del predio,3. Comercial
0626,BO417006000,00,01,01,2.5 Usos del predio,7. Vivienda
0628,BO417001000,00,01,01,2.5 Usos del predio,7. Vivienda
0629,BO417001000,00,03,01,2.5 Usos del predio,7. Vivienda
0630,BO417001000,00,04,01,2.5 Usos del predio,7. Vivienda
0631,BO417011000,00,01,01,2.5 Usos del predio,7. Vivienda
0632,BO417008000,00,01,01,2.5 Usos del predio,7. Vivienda
0633,BO417002000,00,00,00,2.5 Usos del predio,7. Vivienda
0634,BO520003002,02,01,01,2.5 Usos del predio,7. Vivienda
0635,BO229007000,00,01,01,2.5 Usos del predio,7. Vivienda
0636,BO520004009,09,01,01,2.5 Usos del predio,7. Vivienda
0637,BO520003003,03,01,01,2.5 Usos del predio,7. Vivienda
0638,BO520004014,14,01,01,2.5 Usos del predio,7. Vivienda
0641,BO417001000,00,04,01,2.5 Usos del predio,7. Vivienda
0642,BO417001000,00,04,02,2.5 Usos del predio,7. Vivienda
0643,BO520004008,08,01,01,2.5 Usos del predio,7. Vivienda
0644,BO516002000,00,00,00,2.5 Usos del predio,3. Comercial
0647,BO662004000,00,01,01,2.5 Usos del predio,7. Vivienda
0648,BO622015000,00,00,00,2.5 Usos del predio,3. Comercial
0649,BO641008000,00,01,01,2.5 Usos del predio,7. Vivienda
0650,BO639048000,00,01,01,2.5 Usos del predio,7. Vivienda
0652,BO622003000,00,01,01,2.5 Usos del predio,7. Vivienda
0654,BO613010000,00,01,01,2.5 Usos del predio,7. Vivienda
0655,BO622012000,00,02,01,2.5 Usos del predio,7. Vivienda
0658,BO205003010,10,01,01,2.5 Usos del predio,2. Pecuario
0659,BO206008000,00,01,01,2.5 Usos del predio,7. Vivienda
0660,BO206007001,01,01,01,2.5 Usos del predio,7. Vivienda
0661,BO747001000,00,01,01,2.5 Usos del predio,7. Vivienda
0662,BO206004001,01,02,01,2.5 Usos del predio,5. Industrial
0662,BO206004001,01,02,01,2.5 Usos del predio,7. Vivienda
0664,BO202008000,00,01,00,2.5 Usos del predio,3. Comercial
0665,BO747001019,19,01,01,2.5 Usos del predio,7. Vivienda
0666,BO206007000,00,02,01,2.5 Usos del predio,7. Vivienda
0668,BO148999019,19,01,01,2.5 Usos del predio,7. Vivienda
0669,BO205001002,02,01,01,2.5 Usos del predio,7. Vivienda
0670,BO206009000,00,01,01,2.5 Usos del predio,5. Industrial
0670,BO206009000,00,01,01,2.5 Usos del predio,7. Vivienda
0671,BO205003003,03,01,01,2.5 Usos del predio,7. Vivienda
0672,BO203001009,09,02,01,2.5 Usos del predio,7. Vivienda
0673,BO148999018,18,03,01,2.5 Usos del predio,7. Vivienda
0674,BO205001002,02,00,00,2.5 Usos del predio,3. Comercial
0675,BO206003003,03,01,01,2.5 Usos del predio,7. Vivienda
0676,BO737001015,15,01,01,2.5 Usos del predio,7. Vivienda
0677,BO206007001,01,02,01,2.5 Usos del predio,7. Vivienda
0678,BO205001000,00,01,01,2.5 Usos del predio,7. Vivienda
0679,BO205003006,06,01,01,2.5 Usos del predio,7. Vivienda
0680,BO205001000,00,02,01,2.5 Usos del predio,7. Vivienda
0681,BO747001016,16,01,01,2.5 Usos del predio,7. Vivienda
0682,BO203002002,02,01,01,2.5 Usos del predio,7. Vivienda
0683,BO747001014,14,01,01,2.5 Usos del predio,7. Vivienda
0684,BO737003004,04,01,01,2.5 Usos del predio,7. Vivienda
0685,BO148999068,68,01,01,2.5 Usos del predio,7. Vivienda
0686,BO747001032,32,01,01,2.5 Usos del predio,7. Vivienda
0688,BO205003005,05,01,01,2.5 Usos del predio,6. Institucional
0689,BO730001000,00,01,01,2.5 Usos del predio,7. Vivienda
0690,BO730008000,00,01,01,2.5 Usos del predio,7. Vivienda
0691,BO730003000,00,01,01,2.5 Usos del predio,7. Vivienda
0693,B0419004000,00,01,01,2.5 Usos del predio,7. Vivienda
0694,BO407009000,00,01,01,2.5 Usos del predio,7. Vivienda
0695,BO613003000,00,00,00,2.5 Usos del predio,3. Comercial
0696,BO613011000,00,02,01,2.5 Usos del predio,7. Vivienda
0697,BO613004000,00,01,01,2.5 Usos del predio,7. Vivienda
0699,BO611003000,00,01,00,2.5 Usos del predio,3. Comercial
0700,BO611003000,00,02,01,2.5 Usos del predio,7. Vivienda
0701,BO203001009,09,01,01,2.5 Usos del predio,10.Ninguno
0703,BO203003003,03,01,01,2.5 Usos del predio,7. Vivienda
0704,BO203002008,08,01,01,2.5 Usos del predio,10.Ninguno
0705,BO206011000,00,01,00,2.5 Usos del predio,7. Vivienda
0707,bo206002004,04,01,01,2.5 Usos del predio,7. Vivienda
0708,BO203002013,13,01,01,2.5 Usos del predio,7. Vivienda
0709,BO203001007,07,01,01,2.5 Usos del predio,7. Vivienda
0710,BO203002012,12,01,01,2.5 Usos del predio,7. Vivienda
0711,BO611003000,03,00,00,2.5 Usos del predio,3. Comercial
0712,BO641011000,00,00,00,2.5 Usos del predio,11. Otro
0713,BO612005000,03,00,00,2.5 Usos del predio,3. Comercial
0714,BO613001000,00,01,01,2.5 Usos del predio,7. Vivienda
0715,BO613001000,00,01,00,2.5 Usos del predio,3. Comercial
0716,BO613006000,00,01,01,2.5 Usos del predio,3. Comercial
0717,BO645002000,00,01,02,2.5 Usos del predio,7. Vivienda
0718,BO611001000,01,01,01,2.5 Usos del predio,7. Vivienda
0719,BO643052000,03,02,01,2.5 Usos del predio,7. Vivienda
0721,BO641012000,00,03,01,2.5 Usos del predio,7. Vivienda
0723,BO613005000,03,00,00,2.5 Usos del predio,3. Comercial
0724,BO613007000,00,01,01,2.5 Usos del predio,7. Vivienda
0725,BO613007000,00,00,00,2.5 Usos del predio,3. Comercial
0726,BO613005000,00,01,00,2.5 Usos del predio,3. Comercial
0727,BO611003000,00,01,01,2.5 Usos del predio,7. Vivienda
0728,BO613004000,00,01,00,2.5 Usos del predio,4. Servicios
0729,BO611003000,01,01,00,2.5 Usos del predio,3. Comercial
0730,BO613008000,00,00,00,2.5 Usos del predio,4. Servicios
0731,BO613005000,02,00,00,2.5 Usos del predio,3. Comercial
0732,BO613009000,01,01,01,2.5 Usos del predio,2. Pecuario
0732,BO613009000,01,01,01,2.5 Usos del predio,7. Vivienda
0733,BO613004000,00,00,00,2.5 Usos del predio,3. Comercial
0734,BO613008000,00,01,01,2.5 Usos del predio,7. Vivienda
0735,BO613002000,00,01,00,2.5 Usos del predio,3. Comercial
0736,BO737001022,22,01,01,2.5 Usos del predio,7. Vivienda
0738,BO205002000,00,01,01,2.5 Usos del predio,7. Vivienda
0739,BO205003002,02,01,01,2.5 Usos del predio,7. Vivienda
0740,BO730004000,00,01,01,2.5 Usos del predio,7. Vivienda
0742,BO515002000,00,00,00,2.5 Usos del predio,4. Servicios
0743,BO516001000,00,00,00,2.5 Usos del predio,3. Comercial
0745,BO726001000,00,01,01,2.5 Usos del predio,7. Vivienda
0749,BO730007000,00,01,01,2.5 Usos del predio,7. Vivienda
0751,BO725009000,00,01,01,2.5 Usos del predio,7. Vivienda
0752,BO726005000,00,01,01,2.5 Usos del predio,7. Vivienda
0755,BO612002000,00,01,03,2.5 Usos del predio,7. Vivienda
0756,BO849042000,19,01,01,2.5 Usos del predio,7. Vivienda
0757,BO729004000,00,02,01,2.5 Usos del predio,7. Vivienda
0758,BO729004000,00,01,01,2.5 Usos del predio,7. Vivienda
0759,BO726005000,00,01,01,2.5 Usos del predio,7. Vivienda
0760,BO725007000,00,02,01,2.5 Usos del predio,7. Vivienda
0762,BO514001009,09,00,00,2.5 Usos del predio,3. Comercial
0763,BO730006000,00,01,01,2.5 Usos del predio,7. Vivienda
0765,BO611001000,04,01,01,2.5 Usos del predio,7. Vivienda
0766,BO611001000,05,01,01,2.5 Usos del predio,7. Vivienda
0767,BO611001000,03,01,01,2.5 Usos del predio,7. Vivienda
0769,BO613005000,05,01,00,2.5 Usos del predio,3. Comercial
0770,BO613011000,00,01,01,2.5 Usos del predio,7. Vivienda
0771,BO613005000,00,01,01,2.5 Usos del predio,3. Comercial
0771,BO613005000,00,01,01,2.5 Usos del predio,7. Vivienda
0772,BO417005000,00,01,01,2.5 Usos del predio,7. Vivienda
0773,BO514002000,00,00,00,2.5 Usos del predio,4. Servicios
0774,BO514001000,07,00,00,2.5 Usos del predio,3. Comercial
0775,BO515001000,00,00,00,2.5 Usos del predio,3. Comercial
0776,FR300224047,47,01,01,2.5 Usos del predio,3. Comercial
0776,FR300224047,47,01,01,2.5 Usos del predio,7. Vivienda
0777,FR300242003,03,01,03,2.5 Usos del predio,7. Vivienda
0778,FR300224092,92,01,01,2.5 Usos del predio,7. Vivienda
0779,FR300224107,07,01,01,2.5 Usos del predio,7. Vivienda
0780,CO500527011,11,01,01,2.5 Usos del predio,7. Vivienda
0781,CO500527004,04,01,01,2.5 Usos del predio,7. Vivienda
0782,CO500525009,09,01,01,2.5 Usos del predio,7. Vivienda
0783,CO500525015,15,01,01,2.5 Usos del predio,7. Vivienda
0784,CO500525013,13,01,01,2.5 Usos del predio,3. Comercial
0784,CO500525013,13,01,01,2.5 Usos del predio,7. Vivienda
0785,CO700556000,03,01,01,2.5 Usos del predio,7. Vivienda
0786,CO500525010,10,01,01,2.5 Usos del predio,7. Vivienda
0787,CO500525001,01,01,01,2.5 Usos del predio,1. Agrícola
0787,CO500525001,01,01,01,2.5 Usos del predio,7. Vivienda
0790,CO500525014,14,01,01,2.5 Usos del predio,1. Agrícola
0790,CO500525014,14,01,01,2.5 Usos del predio,2. Pecuario
0790,CO500525014,14,01,01,2.5 Usos del predio,8. Turismo y recreación
0791,B0206010000,00,01,01,2.5 Usos del predio,7. Vivienda
0793,BO203003005,05,01,01,2.5 Usos del predio,7. Vivienda
0794,BO206011002,00,02,01,2.5 Usos del predio,7. Vivienda
0795,BO205003001,01,01,01,2.5 Usos del predio,7. Vivienda
0796,BO205003007,07,01,01,2.5 Usos del predio,7. Vivienda
0797,BO206011000,00,01,01,2.5 Usos del predio,10.Ninguno
0798,BO201001013,13,03,03,2.5 Usos del predio,3. Comercial
0798,BO201001013,13,03,03,2.5 Usos del predio,7. Vivienda
0799,BO206009000,00,01,01,2.5 Usos del predio,10.Ninguno
0800,BO203002000,00,01,01,2.5 Usos del predio,4. Servicios
0800,BO203002000,00,01,01,2.5 Usos del predio,7. Vivienda
0801,CO600957000,00,01,01,2.5 Usos del predio,8. Turismo y recreación
0802,CO600942000,00,01,01,2.5 Usos del predio,7. Vivienda
0803,CO500525006,06,01,02,2.5 Usos del predio,7. Vivienda
0804,CO600527017,17,02,00,2.5 Usos del predio,7. Vivienda
0805,CO500527005,05,01,01,2.5 Usos del predio,3. Comercial
0805,CO500527005,05,01,01,2.5 Usos del predio,7. Vivienda
0806,CO500252011,11,01,01,2.5 Usos del predio,3. Comercial
0806,CO500252011,11,01,01,2.5 Usos del predio,7. Vivienda
0807,CO500522001,01,01,01,2.5 Usos del predio,7. Vivienda
0810,BE100013000,00,01,01,2.5 Usos del predio,7. Vivienda
0811,CO300518002,02,01,01,2.5 Usos del predio,7. Vivienda
0812,CO500527012,12,01,01,2.5 Usos del predio,1. Agrícola
0812,CO500527012,12,01,01,2.5 Usos del predio,7. Vivienda
0813,CO500527013,13,01,01,2.5 Usos del predio,7. Vivienda
0814,CO500527015,15,01,01,2.5 Usos del predio,10.Ninguno
0815,CO700558000,04,01,01,2.5 Usos del predio,7. Vivienda
0816,BO410001000,00,00,00,2.5 Usos del predio,3. Comercial
0817,BO417015000,00,01,01,2.5 Usos del predio,7. Vivienda
0818,BO639008000,00,01,01,2.5 Usos del predio,7. Vivienda
0819,BO639012000,00,01,01,2.5 Usos del predio,7. Vivienda
0820,BO639028000,00,01,01,2.5 Usos del predio,7. Vivienda
0822,BO622004000,00,01,01,2.5 Usos del predio,3. Comercial
0823,BO622014000,00,01,01,2.5 Usos del predio,7. Vivienda
0825,BO622006000,00,01,01,2.5 Usos del predio,7. Vivienda
0826,BO639026000,00,01,01,2.5 Usos del predio,3. Comercial
0827,BO639026000,00,01,02,2.5 Usos del predio,7. Vivienda
0828,BO645002000,02,02,02,2.5 Usos del predio,7. Vivienda
0829,BO639006000,00,01,01,2.5 Usos del predio,7. Vivienda
0830,BO639005000,00,01,01,2.5 Usos del predio,7. Vivienda
0832,BO639011000,00,01,01,2.5 Usos del predio,10.Ninguno
0834,BO639004000,00,01,01,2.5 Usos del predio,5. Industrial
0835,BO639007000,00,01,01,2.5 Usos del predio,7. Vivienda
0836,BO639007000,00,01,02,2.5 Usos del predio,7. Vivienda
0837,BO622005000,00,04,00,2.5 Usos del predio,3. Comercial
0838,BO639052000,00,02,01,2.5 Usos del predio,7. Vivienda
0840,BO622007000,00,01,01,2.5 Usos del predio,7. Vivienda
0841,BO520004012,12,01,01,2.5 Usos del predio,7. Vivienda
0842,BO639007000,00,01,01,2.5 Usos del predio,7. Vivienda
0843,BO645002000,00,01,01,2.5 Usos del predio,5. Industrial
0843,BO645002000,00,01,01,2.5 Usos del predio,7. Vivienda
0845,BO645002000,04,01,01,2.5 Usos del predio,7. Vivienda
0846,BO203002014,14,01,01,2.5 Usos del predio,7. Vivienda
0849,BO205002001,01,01,01,2.5 Usos del predio,7. Vivienda
0850,BO148999071,71,01,01,2.5 Usos del predio,7. Vivienda
0851,BO206003001,01,01,01,2.5 Usos del predio,7. Vivienda
0853,BO203002015,15,01,01,2.5 Usos del predio,7. Vivienda
0854,BO148999034,34,01,01,2.5 Usos del predio,7. Vivienda
0855,BO206062000,00,02,01,2.5 Usos del predio,7. Vivienda
0856,BO201001013,13,02,02,2.5 Usos del predio,3. Comercial
0856,BO201001013,13,02,02,2.5 Usos del predio,7. Vivienda
0857,BO148999016,16,01,01,2.5 Usos del predio,7. Vivienda
0863,BO203001005,05,01,01,2.5 Usos del predio,7. Vivienda
0864,BO203002006,06,01,01,2.5 Usos del predio,7. Vivienda
0865,BO206002000,00,01,01,2.5 Usos del predio,7. Vivienda
0866,BO203003001,01,01,01,2.5 Usos del predio,7. Vivienda
0867,BO206007000,00,03,01,2.5 Usos del predio,7. Vivienda
0868,BO206003000,00,01,01,2.5 Usos del predio,7. Vivienda
0869,BO201001013,13,01,01,2.5 Usos del predio,7. Vivienda
0870,BO203002011,01,01,01,2.5 Usos del predio,7. Vivienda
0871,BO203002003,03,01,01,2.5 Usos del predio,7. Vivienda
0874,BO203003001,01,01,02,2.5 Usos del predio,7. Vivienda
0875,BO203003002,01,01,03,2.5 Usos del predio,7. Vivienda
0876,FR300224081,81,01,01,2.5 Usos del predio,7. Vivienda
0877,FR300224081,81,01,02,2.5 Usos del predio,7. Vivienda
0878,FR300225005,05,01,01,2.5 Usos del predio,7. Vivienda
0880,FR300224078,78,01,01,2.5 Usos del predio,7. Vivienda
0881,FR300224086,86,01,01,2.5 Usos del predio,7. Vivienda
0882,FR300224108,08,01,01,2.5 Usos del predio,7. Vivienda
0884,FR300224112,12,01,01,2.5 Usos del predio,7. Vivienda
0885,FR300224025,25,01,01,2.5 Usos del predio,7. Vivienda
0886,FR300225008,08,01,01,2.5 Usos del predio,7. Vivienda
0887,PE304002002,02,01,01,2.5 Usos del predio,8. Turismo y recreación
0888,FR300224095,95,01,01,2.5 Usos del predio,7. Vivienda
0889,FR300224110,10,01,01,2.5 Usos del predio,7. Vivienda
0890,PE102013000,00,01,02,2.5 Usos del predio,7. Vivienda
0893,FR300224087,87,01,02,2.5 Usos del predio,7. Vivienda
0894,FR300225013,13,01,01,2.5 Usos del predio,7. Vivienda
0895,FR300225007,07,01,01,2.5 Usos del predio,7. Vivienda
0897,PE203021000,00,01,01,2.5 Usos del predio,7. Vivienda
0898,PE304004000,00,01,01,2.5 Usos del predio,7. Vivienda
0899,PE203010000,00,01,02,2.5 Usos del predio,7. Vivienda
0900,PE102013000,00,01,01,2.5 Usos del predio,7. Vivienda
0901,PE102013000,00,01,03,2.5 Usos del predio,7. Vivienda
0902,FR300224015,15,01,01,2.5 Usos del predio,7. Vivienda
0903,FR300224015,15,01,02,2.5 Usos del predio,7. Vivienda
0904,PE506008000,00,01,01,2.5 Usos del predio,7. Vivienda
0905,FR300224023,23,01,01,2.5 Usos del predio,7. Vivienda
0906,FR300224042,42,01,01,2.5 Usos del predio,7. Vivienda
0907,FR300224066,66,01,01,2.5 Usos del predio,7. Vivienda
0908,FR300224062,62,01,01,2.5 Usos del predio,7. Vivienda
0909,PE102005000,00,01,01,2.5 Usos del predio,7. Vivienda
0910,PE102015000,00,01,01,2.5 Usos del predio,7. Vivienda
0911,PE102012000,00,01,01,2.5 Usos del predio,7. Vivienda
0913,PE102012002,02,01,01,2.5 Usos del predio,7. Vivienda
0914,PE102008000,00,01,01,2.5 Usos del predio,7. Vivienda
0915,PE203018000,00,01,01,2.5 Usos del predio,7. Vivienda
0916,PE304037000,00,01,01,2.5 Usos del predio,10.Ninguno
0917,PE102012001,01,01,01,2.5 Usos del predio,7. Vivienda
0918,PE102011000,00,02,02,2.5 Usos del predio,7. Vivienda
0919,PE503044000,00,01,01,2.5 Usos del predio,10.Ninguno
0921,PE304005000,00,01,01,2.5 Usos del predio,3. Comercial
0922,FR300224007,07,01,01,2.5 Usos del predio,7. Vivienda
0923,FR300224006,60,01,01,2.5 Usos del predio,7. Vivienda
0925,CO500527006,06,01,00,2.5 Usos del predio,7. Vivienda
0926,CO500525004,04,01,01,2.5 Usos del predio,7. Vivienda
0927,CO600994000,00,01,01,2.5 Usos del predio,7. Vivienda
0929,CO500527009,09,01,01,2.5 Usos del predio,7. Vivienda
0930,CO600968000,00,01,01,2.5 Usos del predio,7. Vivienda
0931,CO500527001,01,01,01,2.5 Usos del predio,2. Pecuario
0931,CO500527001,01,01,01,2.5 Usos del predio,7. Vivienda
0932,CO500527014,14,14,01,2.5 Usos del predio,7. Vivienda
0933,CO700550004,00,04,02,2.5 Usos del predio,7. Vivienda
0934,CO500527003,03,01,01,2.5 Usos del predio,6. Institucional
0935,CO700560001,06,01,01,2.5 Usos del predio,7. Vivienda
0936,BE100062005,05,01,01,2.5 Usos del predio,7. Vivienda
0937,be100062001,01,01,01,2.5 Usos del predio,7. Vivienda
0938,BE100062004,04,01,00,2.5 Usos del predio,10.Ninguno
0939,FR300224085,85,01,01,2.5 Usos del predio,7. Vivienda
0940,CO600994004,04,04,01,2.5 Usos del predio,7. Vivienda
0941,CO600961000,00,01,01,2.5 Usos del predio,7. Vivienda
0942,CO600962000,00,01,01,2.5 Usos del predio,1. Agrícola
0942,CO600962000,00,01,01,2.5 Usos del predio,7. Vivienda
0943,CO600990009,00,01,01,2.5 Usos del predio,1. Agrícola
0944,CO600941000,00,01,01,2.5 Usos del predio,7. Vivienda
0945,CO500522002,02,01,01,2.5 Usos del predio,7. Vivienda
0946,CO500525002,02,01,01,2.5 Usos del predio,7. Vivienda
0947,CO500525006,06,01,01,2.5 Usos del predio,7. Vivienda
0948,CO500525005,05,01,02,2.5 Usos del predio,2. Pecuario
0948,CO500525005,05,01,02,2.5 Usos del predio,7. Vivienda
0949,CO500525013,13,01,01,2.5 Usos del predio,7. Vivienda
0950,BO417006000,00,01,01,2.5 Usos del predio,7. Vivienda
0951,BO417006000,00,01,01,2.5 Usos del predio,7. Vivienda
0952,BO417007000,00,00,00,2.5 Usos del predio,7. Vivienda
0953,BO417014000,00,01,01,2.5 Usos del predio,7. Vivienda
0954,BO520003006,06,01,01,2.5 Usos del predio,7. Vivienda
0955,BO514001001,01,00,00,2.5 Usos del predio,3. Comercial
0956,BO514001003,03,01,01,2.5 Usos del predio,7. Vivienda
0957,BO514001002,02,00,00,2.5 Usos del predio,3. Comercial
0958,BO514001003,03,00,00,2.5 Usos del predio,3. Comercial
0959,BO417012000,00,01,01,2.5 Usos del predio,7. Vivienda
0961,BO417013000,00,01,01,2.5 Usos del predio,7. Vivienda
0962,BO639027000,00,01,01,2.5 Usos del predio,7. Vivienda
0963,BO639043000,00,01,01,2.5 Usos del predio,7. Vivienda
0964,BO622014000,00,02,01,2.5 Usos del predio,7. Vivienda
0965,BO622006000,00,01,02,2.5 Usos del predio,7. Vivienda
0966,BO622004000,00,01,02,2.5 Usos del predio,7. Vivienda
0967,BO622003000,00,02,01,2.5 Usos del predio,7. Vivienda
0968,BO641012000,00,02,01,2.5 Usos del predio,7. Vivienda
0969,BO645002000,02,01,01,2.5 Usos del predio,7. Vivienda
0970,BO645002000,00,01,01,2.5 Usos del predio,3. Comercial
0970,BO645002000,00,01,01,2.5 Usos del predio,7. Vivienda
0973,BO622011000,00,01,01,2.5 Usos del predio,7. Vivienda
0974,BO622004000,00,01,01,2.5 Usos del predio,7. Vivienda
0975,FR300224072,72,01,02,2.5 Usos del predio,7. Vivienda
0976,BO410003000,00,01,01,2.5 Usos del predio,7. Vivienda
0977,BO516001000,07,00,00,2.5 Usos del predio,3. Comercial
0979,BO520004004,04,01,01,2.5 Usos del predio,7. Vivienda
0980,BO407006000,00,00,00,2.5 Usos del predio,7. Vivienda
0981,BO407005000,00,00,00,2.5 Usos del predio,10.Ninguno
0982,BO407022000,00,00,00,2.5 Usos del predio,10.Ninguno
0985,BO520003010,10,01,01,2.5 Usos del predio,7. Vivienda
0986,BO516001000,03,00,00,2.5 Usos del predio,3. Comercial
0988,BO516001000,05,00,00,2.5 Usos del predio,3. Comercial
0989,BO520004007,04,01,01,2.5 Usos del predio,7. Vivienda
0990,BO520004004,04,01,01,2.5 Usos del predio,7. Vivienda
0992,BO516001000,02,00,00,2.5 Usos del predio,3. Comercial
0993,BO516001000,08,01,01,2.5 Usos del predio,7. Vivienda
0994,BO520004001,01,01,01,2.5 Usos del predio,7. Vivienda
0995,BO407021000,00,00,00,2.5 Usos del predio,10.Ninguno
0996,BO516002000,00,00,00,2.5 Usos del predio,4. Servicios
0997,BO516002000,01,00,00,2.5 Usos del predio,4. Servicios
0998,BO516002000,00,00,00,2.5 Usos del predio,4. Servicios
0999,BO410001000,00,00,01,2.5 Usos del predio,5. Industrial
1000,BO520004011,11,01,01,2.5 Usos del predio,7. Vivienda
1203,CO600998002,02,45,11,2.5 Usos del predio,7. Vivienda
1205,CO600976000,00,11,00,2.5 Usos del predio,8. Turismo y recreación
1210,CO100506002,02,12,11,2.5 Usos del predio,1. Agrícola
1210,CO100506002,02,12,11,2.5 Usos del predio,3. Comercial
1210,CO100506002,02,12,11,2.5 Usos del predio,7. Vivienda
1214,BO728003000,00,01,01,2.5 Usos del predio,7. Vivienda
1215,BO728023000,00,01,01,2.5 Usos del predio,7. Vivienda
1216,BO728006000,00,01,01,2.5 Usos del predio,7. Vivienda
1217,BO728022000,00,01,02,2.5 Usos del predio,7. Vivienda
1218,BO728007000,00,01,01,2.5 Usos del predio,7. Vivienda
1219,BO724005000,00,01,01,2.5 Usos del predio,7. Vivienda
1220,BO728021000,00,02,01,2.5 Usos del predio,7. Vivienda
1221,BO725003000,00,01,01,2.5 Usos del predio,8. Turismo y recreación
1222,BO726004000,00,01,01,2.5 Usos del predio,3. Comercial
1222,BO726004000,00,01,01,2.5 Usos del predio,7. Vivienda
1224,BO728015000,00,01,01,2.5 Usos del predio,7. Vivienda
1226,BO728010000,00,01,01,2.5 Usos del predio,10.Ninguno
1227,BO723009000,00,01,01,2.5 Usos del predio,7. Vivienda
1229,BO728022000,00,01,01,2.5 Usos del predio,7. Vivienda
1230,BO728018000,00,01,01,2.5 Usos del predio,7. Vivienda
1231,BO514002000,00,00,00,2.5 Usos del predio,4. Servicios
1232,BO734001000,00,01,01,2.5 Usos del predio,7. Vivienda
1233,BO734001000,00,02,01,2.5 Usos del predio,7. Vivienda
1237,BO514001009,09,00,00,2.5 Usos del predio,4. Servicios
1240,BO734006000,00,01,00,2.5 Usos del predio,7. Vivienda
1242,BO734004000,00,03,00,2.5 Usos del predio,7. Vivienda
1243,BO734004000,00,01,01,2.5 Usos del predio,7. Vivienda
1244,BO514001004,04,01,01,2.5 Usos del predio,7. Vivienda
1247,BO730005000,00,02,01,2.5 Usos del predio,7. Vivienda
1252,BO730005000,00,03,01,2.5 Usos del predio,7. Vivienda
1254,BO535310000,00,00,00,2.5 Usos del predio,3. Comercial
1258,BO730001000,00,01,01,2.5 Usos del predio,7. Vivienda
1259,BO730006000,00,01,01,2.5 Usos del predio,7. Vivienda
1261,BO734002000,00,01,01,2.5 Usos del predio,7. Vivienda
1262,BO645002000,00,02,01,2.5 Usos del predio,7. Vivienda
1263,BO612004000,00,00,00,2.5 Usos del predio,3. Comercial
1263,BO612004000,00,00,00,2.5 Usos del predio,4. Servicios
1264,BO612004000,00,00,00,2.5 Usos del predio,4. Servicios
1278,BO734004000,00,05,01,2.5 Usos del predio,7. Vivienda
1279,BO734005000,00,01,01,2.5 Usos del predio,7. Vivienda
1294,BO747001024,24,01,01,2.5 Usos del predio,7. Vivienda
1297,BO747001003,03,01,01,2.5 Usos del predio,7. Vivienda
1326,BO724002000,00,01,01,2.5 Usos del predio,7. Vivienda
1327,BO728013000,00,01,01,2.5 Usos del predio,7. Vivienda
1328,BO723008000,00,01,01,2.5 Usos del predio,7. Vivienda
1330,BO728010000,01,01,01,2.5 Usos del predio,7. Vivienda
1331,BO728021000,00,01,01,2.5 Usos del predio,7. Vivienda
1332,BO728017000,00,01,01,2.5 Usos del predio,7. Vivienda
1333,BO725011000,00,02,01,2.5 Usos del predio,7. Vivienda
1336,BO734003000,00,01,01,2.5 Usos del predio,7. Vivienda
1338,BO724004000,00,01,01,2.5 Usos del predio,7. Vivienda
1339,BO730007000,00,01,01,2.5 Usos del predio,7. Vivienda
1346,BO747001000,00,01,01,2.5 Usos del predio,7. Vivienda
1350,BO734007000,00,01,01,2.5 Usos del predio,7. Vivienda
1351,BO734007000,07,01,00,2.5 Usos del predio,3. Comercial
1356,BO734004000,00,02,01,2.5 Usos del predio,7. Vivienda
1358,BO730005000,00,01,01,2.5 Usos del predio,7. Vivienda
1367,BO642012000,00,00,00,2.5 Usos del predio,10.Ninguno
1409,BO521012000,00,00,00,2.5 Usos del predio,3. Comercial
1411,BO532005000,00,01,01,2.5 Usos del predio,7. Vivienda
1414,BO521007000,00,01,03,2.5 Usos del predio,7. Vivienda
1417,BO514001008,08,00,00,2.5 Usos del predio,4. Servicios
1418,BO417001000,00,01,01,2.5 Usos del predio,7. Vivienda
1419,BO532006000,00,01,01,2.5 Usos del predio,7. Vivienda
1421,BO728019000,00,01,01,2.5 Usos del predio,7. Vivienda
1422,BO724001000,00,01,01,2.5 Usos del predio,7. Vivienda
1429,BO206006001,01,02,01,2.5 Usos del predio,7. Vivienda
1430,BO148999029,29,01,01,2.5 Usos del predio,7. Vivienda
1431,BO737001008,08,01,01,2.5 Usos del predio,7. Vivienda
1432,BO737001002,02,01,01,2.5 Usos del predio,7. Vivienda
1433,BO737003003,03,01,01,2.5 Usos del predio,7. Vivienda
1434,BO737001019,19,01,01,2.5 Usos del predio,7. Vivienda
1435,BO747001015,15,01,01,2.5 Usos del predio,7. Vivienda
1436,BO725008000,00,01,01,2.5 Usos del predio,7. Vivienda
1437,BO725008000,00,02,01,2.5 Usos del predio,7. Vivienda
1438,BO725005000,00,01,01,2.5 Usos del predio,7. Vivienda
1439,BO725006000,00,01,01,2.5 Usos del predio,7. Vivienda
1440,BO725015000,00,01,01,2.5 Usos del predio,7. Vivienda
1441,BO725001000,01,01,01,2.5 Usos del predio,7. Vivienda
1442,BO723006000,01,02,01,2.5 Usos del predio,7. Vivienda
1443,BO726009000,00,01,01,2.5 Usos del predio,7. Vivienda
1444,BO737001016,16,01,01,2.5 Usos del predio,7. Vivienda
1445,BO737001015,15,02,01,2.5 Usos del predio,7. Vivienda
1446,BO747001034,34,01,01,2.5 Usos del predio,7. Vivienda
1447,BO737001004,04,02,01,2.5 Usos del predio,7. Vivienda
1448,BO737001003,03,01,01,2.5 Usos del predio,7. Vivienda
1449,BO747001018,17,01,01,2.5 Usos del predio,7. Vivienda
1450,BO747001010,10,01,01,2.5 Usos del predio,7. Vivienda
1451,BO747001033,33,01,01,2.5 Usos del predio,7. Vivienda
1452,BO737001017,17,01,01,2.5 Usos del predio,10.Ninguno
1454,BO726001000,00,02,01,2.5 Usos del predio,7. Vivienda
1455,BO725010000,00,01,02,2.5 Usos del predio,7. Vivienda
1456,BO737003001,01,01,02,2.5 Usos del predio,7. Vivienda
1457,BO737001020,20,01,01,2.5 Usos del predio,7. Vivienda
1458,BO747001011,11,01,01,2.5 Usos del predio,7. Vivienda
1459,BO725010000,00,01,01,2.5 Usos del predio,7. Vivienda
1460,BO725014000,00,01,01,2.5 Usos del predio,7. Vivienda
1461,BO725014000,00,02,01,2.5 Usos del predio,7. Vivienda
1463,BO725004000,00,01,01,2.5 Usos del predio,6. Institucional
1464,BO725013000,00,01,01,2.5 Usos del predio,7. Vivienda
1465,BO726001000,00,01,01,2.5 Usos del predio,7. Vivienda
1466,BO726008000,00,01,01,2.5 Usos del predio,7. Vivienda
1467,BO725018000,00,01,02,2.5 Usos del predio,10.Ninguno
1468,BO725018000,00,01,01,2.5 Usos del predio,7. Vivienda
1469,BO725016000,00,01,01,2.5 Usos del predio,7. Vivienda
1470,BO723003000,00,01,01,2.5 Usos del predio,7. Vivienda
1471,BO723007000,00,02,01,2.5 Usos del predio,7. Vivienda
1472,BO723010000,00,01,01,2.5 Usos del predio,7. Vivienda
1473,BO723010000,01,00,00,2.5 Usos del predio,3. Comercial
1475,BO728020000,00,02,01,2.5 Usos del predio,7. Vivienda
1476,BO729008000,00,01,01,2.5 Usos del predio,7. Vivienda
1477,BO728008000,00,01,01,2.5 Usos del predio,7. Vivienda
1478,BO724002000,00,01,01,2.5 Usos del predio,7. Vivienda
1479,BO728012000,00,01,01,2.5 Usos del predio,7. Vivienda
1481,BO728026000,00,01,01,2.5 Usos del predio,7. Vivienda
1482,BO723006000,02,03,01,2.5 Usos del predio,7. Vivienda
1485,BO723010000,00,01,01,2.5 Usos del predio,7. Vivienda
1487,BO728001000,00,01,01,2.5 Usos del predio,7. Vivienda
1488,BO723004000,00,01,01,2.5 Usos del predio,7. Vivienda
1489,BO724005000,00,01,01,2.5 Usos del predio,7. Vivienda
1490,BO723006000,00,01,01,2.5 Usos del predio,7. Vivienda
1491,BO728005000,00,00,00,2.5 Usos del predio,7. Vivienda
1494,BO724003000,00,02,01,2.5 Usos del predio,7. Vivienda
1495,BO726011000,00,01,01,2.5 Usos del predio,7. Vivienda
1496,BO747001004,04,02,02,2.5 Usos del predio,7. Vivienda
1497,BO747001004,04,01,01,2.5 Usos del predio,7. Vivienda
1498,BO747001001,01,01,01,2.5 Usos del predio,4. Servicios
1498,BO747001001,01,01,01,2.5 Usos del predio,7. Vivienda
1500,PE102001000,00,01,00,2.5 Usos del predio,5. Industrial
1501,BO204016000,00,23,01,2.5 Usos del predio,7. Vivienda
1502,BO737001000,00,01,01,2.5 Usos del predio,7. Vivienda
1503,BO204016000,00,17,00,2.5 Usos del predio,3. Comercial
1504,BO747001011,11,01,02,2.5 Usos del predio,8. Turismo y recreación
1505,BO209001002,02,02,00,2.5 Usos del predio,3. Comercial
1506,BO209001002,02,03,00,2.5 Usos del predio,3. Comercial
1507,BO204016000,00,06,12,2.5 Usos del predio,7. Vivienda
1508,BO209001002,02,01,00,2.5 Usos del predio,3. Comercial
1510,BO206010000,00,03,01,2.5 Usos del predio,7. Vivienda
1511,BO737001009,09,01,01,2.5 Usos del predio,7. Vivienda
1512,BO747001036,36,01,01,2.5 Usos del predio,3. Comercial
1512,BO747001036,36,01,01,2.5 Usos del predio,7. Vivienda
1513,BO747001008,08,01,01,2.5 Usos del predio,7. Vivienda
1514,BO737003002,02,01,01,2.5 Usos del predio,7. Vivienda
1515,BO209001000,00,01,01,2.5 Usos del predio,3. Comercial
1515,BO209001000,00,01,01,2.5 Usos del predio,7. Vivienda
1516,BO203002007,07,01,01,2.5 Usos del predio,7. Vivienda
1517,BO737001013,13,13,01,2.5 Usos del predio,7. Vivienda
1518,BO737003001,01,01,01,2.5 Usos del predio,7. Vivienda
1519,BO737001014,14,01,01,2.5 Usos del predio,7. Vivienda
1520,BO209001002,02,04,00,2.5 Usos del predio,3. Comercial
1522,BO206002001,01,01,01,2.5 Usos del predio,7. Vivienda
1523,BO747001017,17,01,01,2.5 Usos del predio,7. Vivienda
1524,BO737001004,04,01,01,2.5 Usos del predio,7. Vivienda
1525,BO737003006,06,01,01,2.5 Usos del predio,7. Vivienda
1526,BO737003005,05,01,02,2.5 Usos del predio,10.Ninguno
1527,BO747001035,35,01,01,2.5 Usos del predio,7. Vivienda
1528,BO737001018,18,01,01,2.5 Usos del predio,7. Vivienda
1529,BO206004001,01,01,01,2.5 Usos del predio,1. Agrícola
1529,BO206004001,01,01,01,2.5 Usos del predio,5. Industrial
1529,BO206004001,01,01,01,2.5 Usos del predio,7. Vivienda
1530,BO203003006,06,02,00,2.5 Usos del predio,3. Comercial
1530,BO203003006,06,02,00,2.5 Usos del predio,4. Servicios
1531,BO204016000,00,15,01,2.5 Usos del predio,7. Vivienda
1532,BO203001003,03,01,01,2.5 Usos del predio,7. Vivienda
1533,BO209001001,01,00,00,2.5 Usos del predio,4. Servicios
1534,BO747001023,23,01,01,2.5 Usos del predio,7. Vivienda
1535,BO747001009,09,01,01,2.5 Usos del predio,7. Vivienda
1537,BO747001001,01,01,01,2.5 Usos del predio,3. Comercial
1537,BO747001001,01,01,01,2.5 Usos del predio,7. Vivienda
1538,BO737001007,07,01,01,2.5 Usos del predio,7. Vivienda
1539,BO737001012,12,01,01,2.5 Usos del predio,7. Vivienda
1540,BO747001011,11,01,03,2.5 Usos del predio,10.Ninguno
1541,BO723005000,01,01,01,2.5 Usos del predio,3. Comercial
1541,BO723005000,01,01,01,2.5 Usos del predio,7. Vivienda
1542,BO725017000,00,01,01,2.5 Usos del predio,7. Vivienda
1543,BO725019000,00,01,01,2.5 Usos del predio,7. Vivienda
1544,BO725017000,00,02,02,2.5 Usos del predio,7. Vivienda
1545,BO726007000,00,01,01,2.5 Usos del predio,7. Vivienda
1546,BO728016000,00,01,01,2.5 Usos del predio,6. Institucional
1546,BO728016000,00,01,01,2.5 Usos del predio,7. Vivienda
1547,BO723002000,00,02,01,2.5 Usos del predio,7. Vivienda
1548,BO724004000,00,02,01,2.5 Usos del predio,7. Vivienda
1549,BO728009000,00,01,01,2.5 Usos del predio,7. Vivienda
1550,BO728014000,00,01,01,2.5 Usos del predio,7. Vivienda
1551,BO726012000,00,01,01,2.5 Usos del predio,7. Vivienda
1552,BO725005000,00,02,02,2.5 Usos del predio,7. Vivienda
1553,BO725005000,00,02,01,2.5 Usos del predio,7. Vivienda
1554,BO725012000,00,01,01,2.5 Usos del predio,7. Vivienda
1555,BO725002000,00,01,01,2.5 Usos del predio,7. Vivienda
1556,BO723007000,00,01,01,2.5 Usos del predio,7. Vivienda
1557,BO725021000,00,02,02,2.5 Usos del predio,7. Vivienda
1558,BO725021000,00,02,01,2.5 Usos del predio,7. Vivienda
1559,BO725011000,00,01,01,2.5 Usos del predio,7. Vivienda
1560,BO725003000,00,01,00,2.5 Usos del predio,7. Vivienda
1561,BO723001000,00,01,01,2.5 Usos del predio,7. Vivienda
1562,BO725020000,00,01,01,2.5 Usos del predio,7. Vivienda
1563,BO725020000,02,01,01,2.5 Usos del predio,7. Vivienda
1564,BO726006000,00,01,01,2.5 Usos del predio,7. Vivienda
1565,BO725001000,00,01,01,2.5 Usos del predio,7. Vivienda
1566,BO725004000,00,02,02,2.5 Usos del predio,7. Vivienda
1568,BO726002000,00,01,01,2.5 Usos del predio,7. Vivienda
1575,PE304003000,00,01,01,2.5 Usos del predio,7. Vivienda
1584,BO747001028,28,01,01,2.5 Usos del predio,7. Vivienda
1586,BO737001005,05,01,01,2.5 Usos del predio,7. Vivienda
1587,PE102001600,00,01,01,2.5 Usos del predio,7. Vivienda
1588,PE102015000,00,01,01,2.5 Usos del predio,7. Vivienda
1589,PE102015001,01,01,01,2.5 Usos del predio,7. Vivienda
1591,PE203004001,01,01,01,2.5 Usos del predio,7. Vivienda
1592,PE203011000,00,01,00,2.5 Usos del predio,4. Servicios
1594,PE203001000,00,02,01,2.5 Usos del predio,7. Vivienda
1596,PE405016003,03,01,01,2.5 Usos del predio,10.Ninguno
1597,PE203008000,00,04,01,2.5 Usos del predio,7. Vivienda
1598,PE203013000,00,01,01,2.5 Usos del predio,10.Ninguno
1599,PE405015001,01,01,01,2.5 Usos del predio,7. Vivienda
1801,BE100062026,26,01,01,2.5 Usos del predio,1. Agrícola
1801,BE100062026,26,01,01,2.5 Usos del predio,2. Pecuario
1801,BE100062026,26,01,01,2.5 Usos del predio,7. Vivienda
1802,BE100073000,00,06,00,2.5 Usos del predio,7. Vivienda
1803,BE100004001,01,01,01,2.5 Usos del predio,7. Vivienda
1804,BE100073000,00,04,00,2.5 Usos del predio,7. Vivienda
1816,BE100062016,16,01,01,2.5 Usos del predio,10.Ninguno
1819,BE100062028,28,01,01,2.5 Usos del predio,1. Agrícola
1819,BE100062028,28,01,01,2.5 Usos del predio,2. Pecuario
1819,BE100062028,28,01,01,2.5 Usos del predio,7. Vivienda
1820,BE100062036,36,01,01,2.5 Usos del predio,7. Vivienda
1821,BE100062020,20,01,01,2.5 Usos del predio,1. Agrícola
1821,BE100062020,20,01,01,2.5 Usos del predio,2. Pecuario
1821,BE100062020,20,01,01,2.5 Usos del predio,8. Turismo y recreación
1822,BE100062019,19,01,01,2.5 Usos del predio,2. Pecuario
1822,BE100062019,19,01,01,2.5 Usos del predio,7. Vivienda
1823,BE100049003,02,01,01,2.5 Usos del predio,1. Agrícola
1823,BE100049003,02,01,01,2.5 Usos del predio,7. Vivienda
1824,BE100062029,29,01,01,2.5 Usos del predio,1. Agrícola
1824,BE100062029,29,01,01,2.5 Usos del predio,2. Pecuario
1826,BE100062017,17,01,01,2.5 Usos del predio,2. Pecuario
1826,BE100062017,17,01,01,2.5 Usos del predio,7. Vivienda
1827,BE100016000,00,00,00,2.5 Usos del predio,3. Comercial
1829,BE100015000,00,01,01,2.5 Usos del predio,7. Vivienda
1830,BE100062008,08,01,01,2.5 Usos del predio,7. Vivienda
1831,BE100062009,09,02,00,2.5 Usos del predio,4. Servicios
1832,BE100062014,14,01,01,2.5 Usos del predio,3. Comercial
1832,BE100062014,14,01,01,2.5 Usos del predio,7. Vivienda
1833,BE100062007,07,01,01,2.5 Usos del predio,7. Vivienda
1834,BE100027000,00,01,01,2.5 Usos del predio,2. Pecuario
1835,BE100062031,31,01,01,2.5 Usos del predio,1. Agrícola
1835,BE100062031,31,01,01,2.5 Usos del predio,7. Vivienda
1836,CO500522001,01,11,11,2.5 Usos del predio,8. Turismo y recreación
1841,BE100009000,00,00,00,2.5 Usos del predio,1. Agrícola
1842,CO600532030,30,00,00,2.5 Usos del predio,10.Ninguno
1857,CO600991009,09,01,01,2.5 Usos del predio,1. Agrícola
1857,CO600991009,09,01,01,2.5 Usos del predio,7. Vivienda
1861,CO500525008,08,88,00,2.5 Usos del predio,8. Turismo y recreación
1864,CO500528003,03,01,01,2.5 Usos del predio,7. Vivienda
1878,CO700557000,00,01,01,2.5 Usos del predio,7. Vivienda
1880,CO600991006,01,11,11,2.5 Usos del predio,7. Vivienda
1882,CO600986000,00,11,11,2.5 Usos del predio,7. Vivienda
1884,CO700557000,00,01,02,2.5 Usos del predio,7. Vivienda
1885,BE100080000,00,00,00,2.5 Usos del predio,1. Agrícola
1887,CO300516004,04,01,00,2.5 Usos del predio,1. Agrícola
1887,CO300516004,04,01,00,2.5 Usos del predio,7. Vivienda
1888,CO300517001,01,01,01,2.5 Usos del predio,7. Vivienda
1889,CO300517003,03,01,01,2.5 Usos del predio,7. Vivienda
1890,CO600537000,00,01,01,2.5 Usos del predio,1. Agrícola
1890,CO600537000,00,01,01,2.5 Usos del predio,7. Vivienda
1893,CO500527010,10,01,01,2.5 Usos del predio,7. Vivienda
1894,CO700555000,03,01,02,2.5 Usos del predio,7. Vivienda
1895,CO700555000,02,08,01,2.5 Usos del predio,7. Vivienda
1900,CO600993000,00,01,00,2.5 Usos del predio,1. Agrícola
1901,BE100062007,07,01,01,2.5 Usos del predio,6. Institucional
1902,BE100062009,09,01,01,2.5 Usos del predio,1. Agrícola
1902,BE100062009,09,01,01,2.5 Usos del predio,7. Vivienda
1903,CO700559000,05,01,01,2.5 Usos del predio,7. Vivienda
1904,CO600972000,00,01,00,2.5 Usos del predio,1. Agrícola
1909,BE100019000,00,03,01,2.5 Usos del predio,10.Ninguno
1910,CO700560002,02,00,00,2.5 Usos del predio,10.Ninguno
1912,BE100024000,00,00,00,2.5 Usos del predio,6. Institucional
1916,CO300515002,02,33,11,2.5 Usos del predio,7. Vivienda
1917,CO500526000,00,00,00,2.5 Usos del predio,1. Agrícola
1918,CO600998000,00,02,00,2.5 Usos del predio,10.Ninguno
1920,BE100033001,01,00,00,2.5 Usos del predio,2. Pecuario
1924,CO600539003,03,01,00,2.5 Usos del predio,7. Vivienda
1931,BE100062002,02,01,01,2.5 Usos del predio,1. Agrícola
1931,BE100062002,02,01,01,2.5 Usos del predio,3. Comercial
1931,BE100062002,02,01,01,2.5 Usos del predio,7. Vivienda
1947,BE100005001,01,00,00,2.5 Usos del predio,1. Agrícola
1948,BE100062032,32,01,01,2.5 Usos del predio,1. Agrícola
1948,BE100062032,32,01,01,2.5 Usos del predio,2. Pecuario
1948,BE100062032,32,01,01,2.5 Usos del predio,3. Comercial
1948,BE100062032,32,01,01,2.5 Usos del predio,7. Vivienda
1951,BE100073000,00,02,02,2.5 Usos del predio,7. Vivienda
1952,BE100004002,02,00,00,2.5 Usos del predio,10.Ninguno
1953,BE100062006,06,01,00,2.5 Usos del predio,7. Vivienda
1954,BE100062003,03,01,00,2.5 Usos del predio,7. Vivienda
1955,BE100062035,35,01,01,2.5 Usos del predio,1. Agrícola
1955,BE100062035,35,01,01,2.5 Usos del predio,2. Pecuario
1955,BE100062035,35,01,01,2.5 Usos del predio,3. Comercial
1955,BE100062035,35,01,01,2.5 Usos del predio,7. Vivienda
1956,BE100062023,23,01,01,2.5 Usos del predio,3. Comercial
1957,BE100062024,24,00,00,2.5 Usos del predio,6. Institucional
1958,BE100062022,22,01,01,2.5 Usos del predio,1. Agrícola
1958,BE100062022,22,01,01,2.5 Usos del predio,2. Pecuario
1958,BE100062022,22,01,01,2.5 Usos del predio,7. Vivienda
1959,BE100062021,21,01,01,2.5 Usos del predio,7. Vivienda
1960,BE100062033,33,01,01,2.5 Usos del predio,1. Agrícola
1960,BE100062033,33,01,01,2.5 Usos del predio,2. Pecuario
1960,BE100062033,33,01,01,2.5 Usos del predio,7. Vivienda
1962,CO600998000,00,01,01,2.5 Usos del predio,7. Vivienda
1963,CO100506003,03,01,01,2.5 Usos del predio,7. Vivienda
1964,CO100503000,00,01,01,2.5 Usos del predio,7. Vivienda
1965,BE100028000,00,00,00,2.5 Usos del predio,10.Ninguno
1966,BE100062037,37,00,00,2.5 Usos del predio,10.Ninguno
1967,BE100073000,00,03,01,2.5 Usos del predio,7. Vivienda
1968,BE100073000,00,01,01,2.5 Usos del predio,7. Vivienda
1969,CO100011001,01,01,01,2.5 Usos del predio,2. Pecuario
1969,CO100011001,01,01,01,2.5 Usos del predio,7. Vivienda
1970,BE100033002,02,00,00,2.5 Usos del predio,8. Turismo y recreación
1971,BE100019000,00,01,01,2.5 Usos del predio,1. Agrícola
1971,BE100019000,00,01,01,2.5 Usos del predio,2. Pecuario
1971,BE100019000,00,01,01,2.5 Usos del predio,7. Vivienda
1972,CO600532002,02,01,01,2.5 Usos del predio,1. Agrícola
1972,CO600532002,02,01,01,2.5 Usos del predio,7. Vivienda
1974,CO300516001,01,01,01,2.5 Usos del predio,7. Vivienda
1976,BE100062013,13,01,01,2.5 Usos del predio,7. Vivienda
1977,be100062004,04,00,00,2.5 Usos del predio,3. Comercial
1978,BE100062015,15,01,01,2.5 Usos del predio,2. Pecuario
1978,BE100062015,15,01,01,2.5 Usos del predio,7. Vivienda
1980,BE100062012,12,01,01,2.5 Usos del predio,7. Vivienda
1981,BE100062011,11,00,00,2.5 Usos del predio,10.Ninguno
1982,BE100049002,02,01,01,2.5 Usos del predio,1. Agrícola
1982,BE100049002,02,01,01,2.5 Usos del predio,7. Vivienda
1983,CO600532000,00,00,00,2.5 Usos del predio,10.Ninguno
1984,CO300519000,00,01,01,2.5 Usos del predio,7. Vivienda
1986,CO600532021,21,00,00,2.5 Usos del predio,10.Ninguno
1987,CO300517002,02,01,01,2.5 Usos del predio,7. Vivienda
1988,BE100049001,01,01,01,2.5 Usos del predio,7. Vivienda
1989,CO500522003,03,01,01,2.5 Usos del predio,7. Vivienda
1990,CO300515001,01,02,01,2.5 Usos del predio,7. Vivienda
1991,BE100062030,03,01,01,2.5 Usos del predio,4. Servicios
1991,BE100062030,03,01,01,2.5 Usos del predio,7. Vivienda
1993,CO600978000,00,01,00,2.5 Usos del predio,1. Agrícola
1994,BE100006002,02,01,01,2.5 Usos del predio,1. Agrícola
1994,BE100006002,02,01,01,2.5 Usos del predio,2. Pecuario
1995,BE100006001,01,01,01,2.5 Usos del predio,7. Vivienda
1996,BE100062027,27,01,01,2.5 Usos del predio,1. Agrícola
1996,BE100062027,27,01,01,2.5 Usos del predio,2. Pecuario
1996,BE100062027,27,01,01,2.5 Usos del predio,7. Vivienda
1997,BE100062025,25,01,01,2.5 Usos del predio,7. Vivienda
1998,BE100079000,00,01,01,2.5 Usos del predio,2. Pecuario
1998,BE100079000,00,01,01,2.5 Usos del predio,7. Vivienda
2000,BE100073000,00,05,01,2.5 Usos del predio,7. Vivienda
2201,BO418016000,00,01,01,2.5 Usos del predio,7. Vivienda
2202,BO728019000,00,02,01,2.5 Usos del predio,7. Vivienda
2211,BO725007000,00,01,01,2.5 Usos del predio,7. Vivienda
2213,BO792900100,00,02,01,2.5 Usos del predio,7. Vivienda
2215,BO729002000,00,01,01,2.5 Usos del predio,7. Vivienda
2220,BO515003000,00,00,00,2.5 Usos del predio,3. Comercial
2221,BO729009000,00,01,01,2.5 Usos del predio,7. Vivienda
2222,BO728002000,00,01,01,2.5 Usos del predio,7. Vivienda
2223,BO729002000,00,02,01,2.5 Usos del predio,7. Vivienda
2226,BO730001000,00,01,01,2.5 Usos del predio,7. Vivienda
2228,BO533001000,00,01,01,2.5 Usos del predio,7. Vivienda
2229,BO729003000,00,01,01,2.5 Usos del predio,7. Vivienda
2231,BO849042000,01,01,01,2.5 Usos del predio,7. Vivienda
2233,BO849042000,33,01,01,2.5 Usos del predio,10.Ninguno
2234,BO613003000,00,01,01,2.5 Usos del predio,7. Vivienda
2235,BO849042000,37,01,01,2.5 Usos del predio,10.Ninguno
2236,BO849042000,04,01,01,2.5 Usos del predio,7. Vivienda
2237,BO849042000,13,01,01,2.5 Usos del predio,7. Vivienda
2238,BO849042000,26,01,01,2.5 Usos del predio,7. Vivienda
2239,BO849042000,09,01,01,2.5 Usos del predio,7. Vivienda
2240,BO849042000,32,02,01,2.5 Usos del predio,7. Vivienda
2242,BO849042000,24,01,01,2.5 Usos del predio,7. Vivienda
2243,BO849042000,38,01,01,2.5 Usos del predio,10.Ninguno
2244,BO642018000,00,02,02,2.5 Usos del predio,7. Vivienda
2246,BO849042000,10,01,01,2.5 Usos del predio,7. Vivienda
2247,BO849042000,18,01,01,2.5 Usos del predio,7. Vivienda
2248,BO611001000,03,01,02,2.5 Usos del predio,7. Vivienda
2249,BO849042000,35,01,01,2.5 Usos del predio,7. Vivienda
2250,BO849042000,28,01,01,2.5 Usos del predio,7. Vivienda
2251,BO849042000,08,01,01,2.5 Usos del predio,7. Vivienda
2253,BO849042000,27,01,01,2.5 Usos del predio,10.Ninguno
2255,BO642005000,00,01,01,2.5 Usos del predio,10.Ninguno
2256,BO849042000,02,01,01,2.5 Usos del predio,7. Vivienda
2257,BO849042000,22,01,01,2.5 Usos del predio,7. Vivienda
2258,BO849042000,41,01,01,2.5 Usos del predio,7. Vivienda
2259,BO849042000,34,01,01,2.5 Usos del predio,1. Agrícola
2259,BO849042000,34,01,01,2.5 Usos del predio,7. Vivienda
2260,BO612005000,02,00,00,2.5 Usos del predio,3. Comercial
2261,BO849042000,07,01,01,2.5 Usos del predio,7. Vivienda
2262,BO849904200,23,01,01,2.5 Usos del predio,7. Vivienda
2263,BO849042000,34,01,01,2.5 Usos del predio,11. Otro
2264,BO849042000,34,01,02,2.5 Usos del predio,7. Vivienda
2265,BO612001000,00,01,01,2.5 Usos del predio,7. Vivienda
2266,BO849042000,12,01,01,2.5 Usos del predio,7. Vivienda
2267,BO849042000,40,01,01,2.5 Usos del predio,7. Vivienda
2268,BO849042000,40,01,02,2.5 Usos del predio,7. Vivienda
2269,BO612005000,00,00,00,2.5 Usos del predio,3. Comercial
2271,BO849042000,11,01,01,2.5 Usos del predio,7. Vivienda
2275,BO639034000,00,01,01,2.5 Usos del predio,7. Vivienda
2276,BO849042000,05,01,01,2.5 Usos del predio,7. Vivienda
2277,BO849042000,16,01,01,2.5 Usos del predio,7. Vivienda
2278,BO849042000,25,01,01,2.5 Usos del predio,7. Vivienda
2279,BO849042000,29,01,01,2.5 Usos del predio,7. Vivienda
2280,BO622003000,00,11,00,2.5 Usos del predio,11. Otro
2286,BO419004000,00,01,01,2.5 Usos del predio,7. Vivienda
2293,BO419005000,00,02,01,2.5 Usos del predio,7. Vivienda
2294,BO419005000,00,03,01,2.5 Usos del predio,7. Vivienda
2295,BO521012000,00,00,00,2.5 Usos del predio,3. Comercial
2296,BO521003000,00,01,01,2.5 Usos del predio,7. Vivienda
2297,BO521002000,00,01,01,2.5 Usos del predio,7. Vivienda
2298,BO521002000,00,02,01,2.5 Usos del predio,7. Vivienda
2299,BO419005000,00,01,01,2.5 Usos del predio,7. Vivienda
2300,BO729004000,00,03,00,2.5 Usos del predio,7. Vivienda
2301,BO612002000,00,01,01,2.5 Usos del predio,7. Vivienda
2302,BO643002000,00,01,02,2.5 Usos del predio,7. Vivienda
2303,BO611003000,00,00,00,2.5 Usos del predio,3. Comercial
2304,BO407018000,00,00,00,2.5 Usos del predio,10.Ninguno
2306,BO373003005,05,01,01,2.5 Usos del predio,7. Vivienda
2307,BO643002000,00,01,01,2.5 Usos del predio,7. Vivienda
2308,BO622003000,00,01,01,2.5 Usos del predio,7. Vivienda
2309,BO725022000,00,01,01,2.5 Usos del predio,7. Vivienda
2310,BO643011000,00,02,01,2.5 Usos del predio,7. Vivienda
2311,BO723005000,00,01,01,2.5 Usos del predio,7. Vivienda
2312,BO642006000,00,01,01,2.5 Usos del predio,7. Vivienda
2313,BO622015000,00,01,01,2.5 Usos del predio,7. Vivienda
2314,BO849042000,00,01,01,2.5 Usos del predio,7. Vivienda
2317,BO612005000,05,00,00,2.5 Usos del predio,3. Comercial
2318,BO612005000,07,00,00,2.5 Usos del predio,3. Comercial
2319,BO612009000,04,00,00,2.5 Usos del predio,3. Comercial
2320,BO612010000,00,00,00,2.5 Usos del predio,3. Comercial
2321,BO613010000,00,02,01,2.5 Usos del predio,10.Ninguno
2322,BO643010000,00,01,01,2.5 Usos del predio,7. Vivienda
2323,BO612005000,04,00,00,2.5 Usos del predio,3. Comercial
2324,BO622003000,00,03,01,2.5 Usos del predio,7. Vivienda
2325,BO613005000,00,01,01,2.5 Usos del predio,7. Vivienda
2327,BO205003011,11,00,00,2.5 Usos del predio,3. Comercial
2328,BO747001013,13,01,01,2.5 Usos del predio,7. Vivienda
2329,BO204016000,00,28,01,2.5 Usos del predio,3. Comercial
2330,BO204016000,00,29,00,2.5 Usos del predio,3. Comercial
2331,BO204016000,00,06,11,2.5 Usos del predio,6. Institucional
2332,BO204016000,00,06,13,2.5 Usos del predio,7. Vivienda
2333,BO204016000,00,06,03,2.5 Usos del predio,7. Vivienda
2334,BO206011000,00,01,04,2.5 Usos del predio,7. Vivienda
2335,BO204016000,00,10,01,2.5 Usos del predio,7. Vivienda
2336,BO204016000,00,28,00,2.5 Usos del predio,3. Comercial
2337,BO202004000,00,01,00,2.5 Usos del predio,3. Comercial
2338,BO204016000,00,06,01,2.5 Usos del predio,7. Vivienda
2339,BO204016000,00,04,01,2.5 Usos del predio,7. Vivienda
2340,BO203003006,06,01,01,2.5 Usos del predio,7. Vivienda
2341,BO204016000,00,16,00,2.5 Usos del predio,3. Comercial
2342,BO204016000,00,26,00,2.5 Usos del predio,3. Comercial
2343,BO204016000,00,20,00,2.5 Usos del predio,3. Comercial
2344,BO204016000,00,25,00,2.5 Usos del predio,3. Comercial
2345,BO204016000,00,24,00,2.5 Usos del predio,3. Comercial
2346,BO204016000,00,02,01,2.5 Usos del predio,7. Vivienda
2347,BO204016000,00,13,01,2.5 Usos del predio,7. Vivienda
2348,BO737001011,11,01,01,2.5 Usos del predio,7. Vivienda
2349,BO747001031,31,01,01,2.5 Usos del predio,3. Comercial
2349,BO747001031,31,01,01,2.5 Usos del predio,7. Vivienda
2350,BO747001025,25,01,01,2.5 Usos del predio,7. Vivienda
2351,BO204016000,00,21,00,2.5 Usos del predio,3. Comercial
2352,BO747001020,20,01,01,2.5 Usos del predio,7. Vivienda
2353,BO202006000,00,01,00,2.5 Usos del predio,3. Comercial
2354,BO202006000,00,01,00,2.5 Usos del predio,3. Comercial
2355,BO202004000,01,01,00,2.5 Usos del predio,3. Comercial
2356,BO204016000,00,11,01,2.5 Usos del predio,3. Comercial
2356,BO204016000,00,11,01,2.5 Usos del predio,7. Vivienda
2362,BO202005000,00,02,01,2.5 Usos del predio,7. Vivienda
2364,BO202007000,00,02,00,2.5 Usos del predio,7. Vivienda
2368,BO737001006,06,01,01,2.5 Usos del predio,7. Vivienda
2369,BO747001027,27,01,01,2.5 Usos del predio,7. Vivienda
2370,BO747001012,12,01,01,2.5 Usos del predio,7. Vivienda
2371,BO521009000,00,01,01,2.5 Usos del predio,7. Vivienda
2372,BO419002000,00,01,01,2.5 Usos del predio,7. Vivienda
2373,BO521009000,00,01,01,2.5 Usos del predio,4. Servicios
2375,BO417010000,00,01,01,2.5 Usos del predio,7. Vivienda
2376,BO521004000,00,01,02,2.5 Usos del predio,7. Vivienda
2378,BO419003000,00,01,01,2.5 Usos del predio,7. Vivienda
2379,BO521005000,00,01,01,2.5 Usos del predio,7. Vivienda
2380,BO521005000,00,01,01,2.5 Usos del predio,7. Vivienda
2383,BO417003000,00,01,01,2.5 Usos del predio,7. Vivienda
2385,BO419003000,00,01,01,2.5 Usos del predio,7. Vivienda
2386,BO521001000,00,00,00,2.5 Usos del predio,3. Comercial
2391,BO521010000,00,01,01,2.5 Usos del predio,7. Vivienda
2393,BO521004000,00,01,01,2.5 Usos del predio,7. Vivienda
2396,BO532006000,00,01,00,2.5 Usos del predio,7. Vivienda
2397,BO521004000,00,01,01,2.5 Usos del predio,7. Vivienda
2398,BO520004010,00,01,00,2.5 Usos del predio,7. Vivienda
2401,PE304001001,01,01,01,2.5 Usos del predio,7. Vivienda
2402,PE304002004,04,01,01,2.5 Usos del predio,7. Vivienda
2403,PE304010000,00,02,01,2.5 Usos del predio,7. Vivienda
2404,PE304028000,00,01,01,2.5 Usos del predio,7. Vivienda
2405,PE203021000,00,01,01,2.5 Usos del predio,7. Vivienda
2407,PE203024000,00,01,01,2.5 Usos del predio,7. Vivienda
2408,PE203024000,00,02,01,2.5 Usos del predio,7. Vivienda
2409,PE304027000,00,01,02,2.5 Usos del predio,8. Turismo y recreación
2410,PE304027000,00,01,01,2.5 Usos del predio,7. Vivienda
2411,PE304001003,03,01,01,2.5 Usos del predio,10.Ninguno
2412,PE203022000,00,02,01,2.5 Usos del predio,10.Ninguno
2413,PE102025000,00,02,01,2.5 Usos del predio,10.Ninguno
2414,PE102025500,00,01,01,2.5 Usos del predio,10.Ninguno
2415,PE203022000,00,01,01,2.5 Usos del predio,10.Ninguno
2416,PE304009000,00,01,01,2.5 Usos del predio,7. Vivienda
2417,PE102022000,00,01,01,2.5 Usos del predio,7. Vivienda
2418,PE304009001,01,01,01,2.5 Usos del predio,7. Vivienda
2419,PE203005000,00,02,01,2.5 Usos del predio,7. Vivienda
2420,PE102021000,00,02,01,2.5 Usos del predio,7. Vivienda
2421,PE102021000,00,01,00,2.5 Usos del predio,3. Comercial
2422,PE304045001,01,01,01,2.5 Usos del predio,7. Vivienda
2423,PE304019000,00,01,01,2.5 Usos del predio,7. Vivienda
2424,PE304014000,00,01,01,2.5 Usos del predio,3. Comercial
2425,PE203007000,00,01,01,2.5 Usos del predio,7. Vivienda
2426,PE203012001,01,00,00,2.5 Usos del predio,4. Servicios
2427,PE503050000,00,01,01,2.5 Usos del predio,7. Vivienda
2428,PE503040000,00,01,01,2.5 Usos del predio,7. Vivienda
2429,PE503034000,00,01,01,2.5 Usos del predio,7. Vivienda
2430,PE304020000,00,01,01,2.5 Usos del predio,7. Vivienda
2431,PE304044000,00,01,01,2.5 Usos del predio,7. Vivienda
2432,PE304008000,00,01,01,2.5 Usos del predio,6. Institucional
2433,PE304033000,00,01,01,2.5 Usos del predio,7. Vivienda
2434,PE304035000,00,01,01,2.5 Usos del predio,7. Vivienda
2435,PE304002003,03,01,01,2.5 Usos del predio,7. Vivienda
2436,PE304041000,00,01,01,2.5 Usos del predio,7. Vivienda
2437,PE304016000,00,01,01,2.5 Usos del predio,7. Vivienda
2438,PE304018000,00,01,01,2.5 Usos del predio,7. Vivienda
2439,PE304040001,01,01,01,2.5 Usos del predio,7. Vivienda
2440,PE304006000,00,01,01,2.5 Usos del predio,7. Vivienda
2441,PE102023000,00,01,01,2.5 Usos del predio,3. Comercial
2441,PE102023000,00,01,01,2.5 Usos del predio,7. Vivienda
2442,PE203014000,00,01,02,2.5 Usos del predio,7. Vivienda
2443,PE102011000,00,01,01,2.5 Usos del predio,7. Vivienda
2444,PE102006000,00,01,01,2.5 Usos del predio,7. Vivienda
2445,PE203004000,00,01,01,2.5 Usos del predio,7. Vivienda
2446,PE203016000,00,01,01,2.5 Usos del predio,7. Vivienda
2447,PE304045002,02,00,00,2.5 Usos del predio,10.Ninguno
2448,PE304011000,00,00,00,2.5 Usos del predio,10.Ninguno
2449,PE304013000,00,00,00,2.5 Usos del predio,10.Ninguno
2450,PE102016000,00,01,01,2.5 Usos del predio,3. Comercial
2450,PE102016000,00,01,01,2.5 Usos del predio,7. Vivienda
2451,PE102007000,00,01,01,2.5 Usos del predio,7. Vivienda
2452,PE503025000,00,01,01,2.5 Usos del predio,10.Ninguno
2453,PE503064000,00,01,01,2.5 Usos del predio,10.Ninguno
2454,PE503061000,00,01,01,2.5 Usos del predio,10.Ninguno
2455,PE503054000,00,00,00,2.5 Usos del predio,10.Ninguno
2456,PE304025000,00,01,01,2.5 Usos del predio,7. Vivienda
2457,PE503025001,01,01,01,2.5 Usos del predio,7. Vivienda
2458,PE503066002,02,01,01,2.5 Usos del predio,7. Vivienda
2459,PE503051000,00,01,01,2.5 Usos del predio,10.Ninguno
2460,PE503041000,00,01,01,2.5 Usos del predio,9. Minero
2461,PE304012000,00,01,01,2.5 Usos del predio,3. Comercial
2461,PE304012000,00,01,01,2.5 Usos del predio,7. Vivienda
2462,PE304012000,00,02,01,2.5 Usos del predio,7. Vivienda
2463,PE203014000,00,01,01,2.5 Usos del predio,7. Vivienda
2464,PE203002000,00,01,01,2.5 Usos del predio,10.Ninguno
2465,PE102003000,00,01,01,2.5 Usos del predio,7. Vivienda
2466,PE503069000,00,01,01,2.5 Usos del predio,7. Vivienda
2467,PE503053000,00,01,01,2.5 Usos del predio,7. Vivienda
2468,PE304030001,01,01,01,2.5 Usos del predio,7. Vivienda
2469,PE304045000,00,01,01,2.5 Usos del predio,7. Vivienda
2470,PE203012000,00,01,01,2.5 Usos del predio,3. Comercial
2471,PE503058000,00,01,01,2.5 Usos del predio,7. Vivienda
2472,PE503028001,01,01,01,2.5 Usos del predio,7. Vivienda
2473,PE503061001,01,01,01,2.5 Usos del predio,7. Vivienda
2474,PE503062000,00,01,01,2.5 Usos del predio,4. Servicios
2474,PE503062000,00,01,01,2.5 Usos del predio,7. Vivienda
2475,PE203003000,00,01,01,2.5 Usos del predio,7. Vivienda
2476,PE503046000,00,01,01,2.5 Usos del predio,7. Vivienda
2477,PE203001001,01,01,01,2.5 Usos del predio,8. Turismo y recreación
2478,PE304036000,00,01,01,2.5 Usos del predio,7. Vivienda
2479,PE304043000,00,01,01,2.5 Usos del predio,7. Vivienda
2480,PE304002001,01,02,01,2.5 Usos del predio,7. Vivienda
2481,PE102008000,00,01,01,2.5 Usos del predio,7. Vivienda
2482,PE304012000,00,03,01,2.5 Usos del predio,7. Vivienda
2483,PE203001000,00,01,01,2.5 Usos del predio,7. Vivienda
2484,PE203024000,00,03,01,2.5 Usos del predio,7. Vivienda
2485,PE203006000,00,01,01,2.5 Usos del predio,7. Vivienda
2486,PE304022000,00,01,01,2.5 Usos del predio,7. Vivienda
2487,PE304009000,00,01,01,2.5 Usos del predio,3. Comercial
2487,PE304009000,00,01,01,2.5 Usos del predio,7. Vivienda
2488,PE304045000,00,01,01,2.5 Usos del predio,7. Vivienda
2489,PE304001002,02,01,01,2.5 Usos del predio,10.Ninguno
2490,PE304002000,00,01,01,2.5 Usos del predio,10.Ninguno
2491,PE304006000,00,04,01,2.5 Usos del predio,10.Ninguno
2493,PE203019000,00,01,01,2.5 Usos del predio,8. Turismo y recreación
2494,PE203005001,01,01,01,2.5 Usos del predio,7. Vivienda
2496,PE304001000,00,01,01,2.5 Usos del predio,8. Turismo y recreación
2497,PE304001000,00,01,01,2.5 Usos del predio,7. Vivienda
2498,PE304017000,00,01,01,2.5 Usos del predio,7. Vivienda
2499,PE203017000,00,01,01,2.5 Usos del predio,7. Vivienda
2500,PE102018000,00,01,01,2.5 Usos del predio,4. Servicios
2500,PE102018000,00,01,01,2.5 Usos del predio,7. Vivienda
2501,PE405010000,00,01,01,2.5 Usos del predio,7. Vivienda
2503,PE405017000,00,01,01,2.5 Usos del predio,7. Vivienda
2504,PE506005000,00,01,01,2.5 Usos del predio,7. Vivienda
2505,PE503030001,01,01,01,2.5 Usos del predio,7. Vivienda
2506,PE304006000,00,03,01,2.5 Usos del predio,7. Vivienda
2507,PE304032000,00,01,01,2.5 Usos del predio,7. Vivienda
2508,PE405003000,00,01,02,2.5 Usos del predio,7. Vivienda
2509,PE405012001,01,01,01,2.5 Usos del predio,7. Vivienda
2510,PE506001001,01,01,01,2.5 Usos del predio,7. Vivienda
2511,PE503031000,00,01,01,2.5 Usos del predio,2. Pecuario
2511,PE503031000,00,01,01,2.5 Usos del predio,7. Vivienda
2512,PE503031001,01,01,01,2.5 Usos del predio,7. Vivienda
2513,PE503067001,01,01,01,2.5 Usos del predio,7. Vivienda
2514,PE102017000,00,01,01,2.5 Usos del predio,7. Vivienda
2515,PE405007000,00,01,01,2.5 Usos del predio,7. Vivienda
2516,PE405011000,00,01,01,2.5 Usos del predio,7. Vivienda
2517,PE405011000,00,01,02,2.5 Usos del predio,7. Vivienda
2518,PE506007000,00,01,01,2.5 Usos del predio,7. Vivienda
2519,PE405009000,00,01,01,2.5 Usos del predio,4. Servicios
2520,PE503069001,01,01,01,2.5 Usos del predio,7. Vivienda
2521,PE503038000,00,01,01,2.5 Usos del predio,7. Vivienda
2522,PE405013000,00,01,01,2.5 Usos del predio,7. Vivienda
2524,PE506006000,00,01,01,2.5 Usos del predio,7. Vivienda
2525,PE503039000,00,01,01,2.5 Usos del predio,7. Vivienda
2526,PE405014000,00,01,01,2.5 Usos del predio,7. Vivienda
2527,PE304024000,00,01,01,2.5 Usos del predio,7. Vivienda
2528,PE405001000,00,01,01,2.5 Usos del predio,7. Vivienda
2529,PE405005000,00,01,01,2.5 Usos del predio,7. Vivienda
2530,PE503029000,00,01,01,2.5 Usos del predio,10.Ninguno
2531,PE506003000,00,01,01,2.5 Usos del predio,7. Vivienda
2533,PE503044001,01,02,01,2.5 Usos del predio,7. Vivienda
2534,PE503056000,00,01,01,2.5 Usos del predio,7. Vivienda
2535,PE503035000,00,01,01,2.5 Usos del predio,7. Vivienda
2536,PE102023000,00,01,02,2.5 Usos del predio,3. Comercial
2536,PE102023000,00,01,02,2.5 Usos del predio,7. Vivienda
2537,PE203009000,00,01,01,2.5 Usos del predio,7. Vivienda
2538,PE405016002,02,01,01,2.5 Usos del predio,7. Vivienda
2539,PE405012002,02,01,01,2.5 Usos del predio,7. Vivienda
2540,PE506008001,01,01,01,2.5 Usos del predio,7. Vivienda
2541,PE405003000,00,01,01,2.5 Usos del predio,7. Vivienda
2542,PE503049000,00,01,01,2.5 Usos del predio,7. Vivienda
2543,PE503047000,00,01,01,2.5 Usos del predio,7. Vivienda
2544,PE304007000,00,01,01,2.5 Usos del predio,7. Vivienda
2545,PE203008000,00,01,00,2.5 Usos del predio,3. Comercial
2546,PE304015000,00,01,01,2.5 Usos del predio,8. Turismo y recreación
2547,PE304039000,00,01,01,2.5 Usos del predio,7. Vivienda
2548,PE304039000,00,01,02,2.5 Usos del predio,7. Vivienda
2549,PE102007000,00,01,01,2.5 Usos del predio,4. Servicios
2549,PE102007000,00,01,01,2.5 Usos del predio,7. Vivienda
2550,PE203020000,00,01,01,2.5 Usos del predio,7. Vivienda
2551,PE102026000,00,01,02,2.5 Usos del predio,7. Vivienda
2553,PE503028000,00,02,01,2.5 Usos del predio,1. Agrícola
2554,PE506008002,02,01,01,2.5 Usos del predio,7. Vivienda
2555,PE203010000,00,01,01,2.5 Usos del predio,3. Comercial
2555,PE203010000,00,01,01,2.5 Usos del predio,5. Industrial
2555,PE203010000,00,01,01,2.5 Usos del predio,7. Vivienda
2556,PE304001004,04,01,01,2.5 Usos del predio,7. Vivienda
2557,PE102014000,00,01,01,2.5 Usos del predio,2. Pecuario
2557,PE102014000,00,01,01,2.5 Usos del predio,7. Vivienda
2558,PE304034000,00,01,01,2.5 Usos del predio,7. Vivienda
2559,PE503059000,00,01,01,2.5 Usos del predio,7. Vivienda
2560,PE304022001,01,01,01,2.5 Usos del predio,7. Vivienda
2561,PE503057000,00,01,01,2.5 Usos del predio,7. Vivienda
2562,PE503002600,00,01,01,2.5 Usos del predio,7. Vivienda
2563,PE503066001,01,01,01,2.5 Usos del predio,2. Pecuario
2563,PE503066001,01,01,01,2.5 Usos del predio,7. Vivienda
2564,PE503048000,00,01,01,2.5 Usos del predio,7. Vivienda
2565,PE503045000,00,01,01,2.5 Usos del predio,7. Vivienda
2566,PE503042000,00,01,01,2.5 Usos del predio,7. Vivienda
2567,PE503055000,00,01,01,2.5 Usos del predio,7. Vivienda
2568,PE304023000,00,01,01,2.5 Usos del predio,7. Vivienda
2569,PE503036000,00,01,01,2.5 Usos del predio,7. Vivienda
2570,PE304030000,00,01,01,2.5 Usos del predio,7. Vivienda
2571,PE503032000,00,01,01,2.5 Usos del predio,3. Comercial
2571,PE503032000,00,01,01,2.5 Usos del predio,8. Turismo y recreación
2572,PE506004000,00,00,00,2.5 Usos del predio,1. Agrícola
2573,PE503067001,01,01,02,2.5 Usos del predio,7. Vivienda
2574,PE503067001,01,02,01,2.5 Usos del predio,7. Vivienda
2575,PE304029001,01,01,01,2.5 Usos del predio,7. Vivienda
2576,PE405006000,00,01,01,2.5 Usos del predio,3. Comercial
2577,PE405004000,00,01,01,2.5 Usos del predio,2. Pecuario
2578,PE503034000,00,01,01,2.5 Usos del predio,7. Vivienda
2579,PE503066000,00,01,01,2.5 Usos del predio,7. Vivienda
2580,PE503027001,01,01,01,2.5 Usos del predio,7. Vivienda
2581,PE503067000,00,01,01,2.5 Usos del predio,7. Vivienda
2582,PE304040000,00,01,01,2.5 Usos del predio,7. Vivienda
2583,PE503030000,00,01,01,2.5 Usos del predio,7. Vivienda
2584,PE503033000,00,01,01,2.5 Usos del predio,7. Vivienda
2585,PE405016001,01,01,01,2.5 Usos del predio,7. Vivienda
2586,PE405008000,00,01,01,2.5 Usos del predio,7. Vivienda
2587,SL100001001,01,01,00,2.5 Usos del predio,3. Comercial
2587,SL100001001,01,01,00,2.5 Usos del predio,7. Vivienda
2588,PE102002001,01,01,00,2.5 Usos del predio,3. Comercial
2589,PE102018000,00,01,00,2.5 Usos del predio,3. Comercial
2590,PE102016000,00,03,01,2.5 Usos del predio,7. Vivienda
2593,PE102024000,00,02,01,2.5 Usos del predio,7. Vivienda
2594,PE405002000,00,02,02,2.5 Usos del predio,7. Vivienda
2595,PE405002000,00,01,01,2.5 Usos del predio,7. Vivienda
2596,PE506001002,02,01,01,2.5 Usos del predio,10.Ninguno
2597,PE503037000,00,01,01,2.5 Usos del predio,10.Ninguno
2598,PE304026000,00,01,01,2.5 Usos del predio,10.Ninguno
2599,PE102012001,01,01,02,2.5 Usos del predio,10.Ninguno
2600,PE102024000,00,01,01,2.5 Usos del predio,10.Ninguno
2631,BO727005000,00,01,01,2.5 Usos del predio,7. Vivienda
2632,BO727013000,00,01,01,2.5 Usos del predio,7. Vivienda
2633,BO727013000,00,02,01,2.5 Usos del predio,7. Vivienda
2634,BO727013000,00,01,01,2.5 Usos del predio,7. Vivienda
2635,BO727005000,00,02,01,2.5 Usos del predio,7. Vivienda
2638,BO727012000,00,01,01,2.5 Usos del predio,7. Vivienda
2639,BO747001022,22,01,01,2.5 Usos del predio,7. Vivienda
2640,BO727001000,01,01,01,2.5 Usos del predio,7. Vivienda
2643,BO641006000,00,00,00,2.5 Usos del predio,10.Ninguno
2644,PE102009000,00,01,01,2.5 Usos del predio,7. Vivienda
2645,PE102017000,00,02,01,2.5 Usos del predio,7. Vivienda
2646,BO272701100,00,01,01,2.5 Usos del predio,7. Vivienda
2647,BO727002000,00,01,01,2.5 Usos del predio,7. Vivienda
2648,BO727008000,00,01,01,2.5 Usos del predio,7. Vivienda
2649,BO747001031,31,01,02,2.5 Usos del predio,7. Vivienda
2651,BO737003001,01,01,04,2.5 Usos del predio,7. Vivienda
2653,BO737003001,01,01,03,2.5 Usos del predio,7. Vivienda
2655,BO209002000,00,00,00,2.5 Usos del predio,3. Comercial
2659,BO747001007,07,01,01,2.5 Usos del predio,7. Vivienda
2661,BO727003001,01,02,01,2.5 Usos del predio,7. Vivienda
2662,BO727013000,00,01,01,2.5 Usos del predio,6. Institucional
2663,BO727004000,00,01,01,2.5 Usos del predio,7. Vivienda
2698,CO600532014,00,00,00,2.5 Usos del predio,8. Turismo y recreación
2701,PE503027000,00,01,01,2.5 Usos del predio,10.Ninguno
2704,PE102002000,00,01,00,2.5 Usos del predio,3. Comercial
2707,PE304030000,00,01,02,2.5 Usos del predio,7. Vivienda
2708,PE304042000,00,01,01,2.5 Usos del predio,7. Vivienda
2709,PE503053000,00,01,02,2.5 Usos del predio,7. Vivienda
2752,BO747001021,21,01,01,2.5 Usos del predio,7. Vivienda
2753,BO727010000,00,02,01,2.5 Usos del predio,7. Vivienda
2758,BO727010000,00,01,01,2.5 Usos del predio,3. Comercial
2758,BO727010000,00,01,01,2.5 Usos del predio,7. Vivienda
2759,BO727009000,00,01,01,2.5 Usos del predio,7. Vivienda
2760,BO747001000,00,01,01,2.5 Usos del predio,7. Vivienda
2766,BO727015000,00,01,01,2.5 Usos del predio,7. Vivienda
9999999999,FG123321234,00,01,01,2.5 Usos del predio,1. Agrícola
9999999999,FG123321234,00,01,01,2.5 Usos del predio,3. Comercial
9999999999,FG123321234,00,01,01,2.5 Usos del predio,5. Industrial
9999999999,FG123321234,00,01,01,2.5 Usos del predio,7. Vivienda
9999999999,FG123321234,00,01,01,2.5 Usos del predio,9. Minero
9999999999,FG123321234,00,01,01,2.5 Usos del predio,11. Otro
